{"ppo/policy/policykl":-0.010438922792673111,"objective/logprobs":{"_type":"histogram","values":[1,0,4,1,6,6,11,19,30,37,75,123,161,194,226,218,205,192,165,128,75,64,52,70,57,68,103,133,156,221,266,1301],"bins":[-25.631147384643555,-24.83017349243164,-24.02920150756836,-23.228227615356445,-22.42725372314453,-21.626279830932617,-20.825307846069336,-20.024333953857422,-19.223360061645508,-18.422388076782227,-17.621414184570312,-16.8204402923584,-16.019466400146484,-15.218493461608887,-14.417520523071289,-13.616546630859375,-12.815573692321777,-12.01460075378418,-11.213626861572266,-10.412653923034668,-9.611680030822754,-8.810707092285156,-8.009733200073242,-7.2087602615356445,-6.407786846160889,-5.606813430786133,-4.805840015411377,-4.004866600036621,-3.2038934230804443,-2.4029200077056885,-1.6019467115402222,-0.8009733557701111,0]},"ppo/mean_scores":-5.67578125,"ppo/loss/total":0.38046878576278687,"env/reward_std":2.4301252365112305,"ppo/policy/ratio":{"_type":"histogram","values":[17421,35,6,2,1,3,0,0,1,0,0,0,1,0,0,1,0,0,0,0,0,0,0,0,0,0,0,0,0,0,0,1],"bins":[0.00019509412231855094,79.55424499511719,159.10829162597656,238.66233825683594,318.2164001464844,397.77044677734375,477.3244934082031,556.8785400390625,636.4325561523438,715.9866333007812,795.5406494140625,875.0947265625,954.6487426757812,1034.202880859375,1113.7568359375,1193.3109130859375,1272.864990234375,1352.4190673828125,1431.9730224609375,1511.527099609375,1591.0811767578125,1670.63525390625,1750.189208984375,1829.7432861328125,1909.29736328125,1988.8514404296875,2068.405517578125,2147.95947265625,2227.513427734375,2307.067626953125,2386.62158203125,2466.17578125,2545.729736328125]},"_step":56,"ppo/val/clipfrac":0.02853822335600853,"ppo/policy/advantages":{"values":[4,0,4,0,4,12,8,4,8,40,8,4,8,52,36,80,64,96,148,212,276,360,588,772,13936,200,236,160,80,48,8,16],"bins":[-4.712662696838379,-4.501279354095459,-4.289896011352539,-4.078513145446777,-3.8671298027038574,-3.6557464599609375,-3.4443633556365967,-3.2329800128936768,-3.021596908569336,-2.810213565826416,-2.598830223083496,-2.3874471187591553,-2.1760637760162354,-1.964680552482605,-1.7532973289489746,-1.5419141054153442,-1.3305308818817139,-1.1191476583480835,-0.9077644348144531,-0.696381151676178,-0.4849979281425476,-0.27361470460891724,-0.06223145127296448,0.1491517871618271,0.36053502559661865,0.571918249130249,0.7833014726638794,0.9946847558021545,1.2060680389404297,1.41745126247406,1.6288344860076904,1.8402177095413208,2.051600933074951],"_type":"histogram"},"ppo/policy/approxkl":0.009289847686886787,"objective/kl":0.3385702073574066,"objective/ref_logprobs":{"bins":[-23.375436782836914,-22.644954681396484,-21.914472579956055,-21.183990478515625,-20.453506469726562,-19.723024368286133,-18.992542266845703,-18.262060165405273,-17.531578063964844,-16.801095962524414,-16.07061195373535,-15.340130805969238,-14.609647750854492,-13.879165649414062,-13.148683547973633,-12.418200492858887,-11.687718391418457,-10.957236289978027,-10.226753234863281,-9.496271133422852,-8.765789031982422,-8.035305976867676,-7.304823875427246,-6.574341773986816,-5.8438591957092285,-5.113376617431641,-4.382894515991211,-3.652411937713623,-2.9219295978546143,-2.1914472579956055,-1.4609647989273071,-0.7304823994636536,0],"_type":"histogram","values":[3,4,3,12,7,14,25,35,65,96,113,164,205,225,236,223,160,116,104,73,65,44,50,58,49,100,94,128,184,188,251,1274]},"tokens/responses_dist":[40,40,40,40,121,121,121,121],"ppo/mean_non_score_reward":-0.0008408990688621998,"time/ppo/compute_rewards":0.001363992691040039,"ppo/policy/clipfrac":0.05162061005830765,"ppo/val/mean":-1.9493467807769775,"game_log":{"_type":"table-file","sha256":"55868bd87917d9c2aeb4523bdef0e32dca774afcf46852de79d6c4373619826a","size":11140,"artifact_path":"wandb-client-artifact://n27k7mid5aqvduqejpsbtudqdlq7qhx99nat8ldi3l0iyhrkuh5dr1x75x4pm887ek3ksmnamg4de47whz8auw9vglm1vql8rkhgulldvzdoks8mlnflybyiwx6pl3ah/game_log.table.json","_latest_artifact_path":"wandb-client-artifact://j5ekf5qivygl9z9r17445vmyiy9ny4gpkmhthxkqqykzxu0moki4t35tk7f8aosg9byqdc49dzqlz5ebuu5hgl8w2mxkgndker63xooo2uz5g0ooby67l80cvsuzpd7b:latest/game_log.table.json","path":"media/table/game_log_56_55868bd87917d9c2aeb4.table.json","ncols":3,"nrows":8},"ppo/learning_rate":1.4e-05,"objective/entropy":118.39441680908203,"ppo/loss/policy":0.16086262464523315,"tokens/responses_len_mean":80.5,"avg_reward":-5.67578125,"time/ppo/calc_stats":0.035703182220458984,"ppo/val/vpred":-1.965386986732483,"ppo/policy/entropy":1.180811882019043,"time/ppo/forward_pass":3.132312536239624,"_runtime":215.18625711,"time/ppo/optimize_step":13.623717308044434,"time/ppo/total":16.827637195587158,"ppo/returns/mean":-3.1022543907165527,"avg_generation_length":80.5,"ppo/returns/var":1.2978672981262207,"ppo/policy/advantages_mean":-0.15260037779808044,"tokens/queries_dist":[456,198,36,88,284,426,74,280],"ppo/loss/value":2.196061849594116,"time/ppo/compute_advantages":0.0344393253326416,"env/reward_dist":[-6.83984375,-4.4140625,-6.50390625,-4.1875,-10.109375,-4.2109375,-2.19921875,-6.94140625],"tokens/queries_len_std":159.49362182617188,"reward_per_sample":-6.94140625,"ppo/val/var_explained":-2.3787009716033936,"tokens/responses_len_std":43.296321868896484,"_timestamp":1.7425349291924944e+09,"tokens/queries_len_mean":230.25,"ppo/std_scores":2.4301252365112305,"env/reward_mean":-5.67578125,"objective/kl_dist":[-2.30949068069458,0.06388762593269348,0.5482549071311951,-0.09015727043151855,1.8094987869262695,1.643344759941101,-0.12283074855804443,1.1660540103912354],"gen_length_per_sample":121,"ppo/val/var":1.4682559967041016,"_wandb":{"runtime":250},"objective/kl_coef":0.19993600512,"ppo/val/error":4.385105609893799,"step":2}