{"avg_reward":1.161468505859375,"_timestamp":1.7407617915287561e+09,"tokens/responses_len_std":17.104719161987305,"ppo/policy/clipfrac":0.043509095907211304,"time/ppo/total":15.798302412033081,"ppo/policy/policykl":-0.0020278228912502527,"env/reward_dist":[2.1875,2.666015625,1.400390625,-1.14453125,0.845703125,1.70703125,1.33984375,0.289794921875],"ppo/val/error":2.222683906555176,"time/ppo/compute_advantages":0.025326967239379883,"tokens/queries_len_std":97.14486694335938,"objective/kl_coef":0.199968,"ppo/val/var":1.4603033065795898,"step":1,"ppo/returns/mean":-0.6820437908172607,"ppo/policy/advantages_mean":0.018399875611066818,"ppo/policy/entropy":1.6233117580413818,"avg_generation_length":95,"ppo/loss/policy":-0.01748882606625557,"env/reward_mean":1.161468505859375,"objective/kl_dist":[-0.7698635458946228,-0.9237843751907349,-0.8196840882301331,2.477691650390625,0.42685043811798096,-0.6528588533401489,0.2672455608844757,1.0331474542617798],"tokens/responses_dist":[111,111,111,111,79,79,79,79],"ppo/loss/value":1.1116966009140015,"ppo/returns/var":0.4877309799194336,"ppo/policy/ratio":{"_type":"histogram","values":[14006,3,2,1,1,1,1,0,0,0,0,0,0,0,0,0,0,0,0,0,0,0,0,0,0,0,0,0,0,0,0,1],"bins":[0.00027647928800433874,122.41322326660156,244.826171875,367.2391052246094,489.6520690917969,612.0650024414062,734.4779663085938,856.8909301757812,979.3038330078125,1101.716796875,1224.1297607421875,1346.542724609375,1468.9556884765625,1591.36865234375,1713.781494140625,1836.1944580078125,1958.607421875,2081.020263671875,2203.433349609375,2325.84619140625,2448.25927734375,2570.672119140625,2693.085205078125,2815.498046875,2937.9111328125,3060.323974609375,3182.73681640625,3305.14990234375,3427.562744140625,3549.975830078125,3672.388671875,3794.8017578125,3917.214599609375]},"time/ppo/calc_stats":0.030173540115356445,"objective/logprobs":{"_type":"histogram","values":[1,0,0,5,3,13,15,18,45,79,104,111,159,166,168,166,132,93,93,57,42,55,44,61,72,84,116,138,171,240,260,793],"bins":[-23.22167205810547,-22.495994567871094,-21.77031898498535,-21.044641494750977,-20.318965911865234,-19.59328842163086,-18.867610931396484,-18.141935348510742,-17.416257858276367,-16.690582275390625,-15.96490478515625,-15.239228248596191,-14.513551712036133,-13.787874221801758,-13.0621976852417,-12.33652114868164,-11.610844612121582,-10.885168075561523,-10.159490585327148,-9.43381404876709,-8.708137512207031,-7.9824604988098145,-7.256783962249756,-6.531107425689697,-5.8054304122924805,-5.079753875732422,-4.354076862335205,-3.6284003257751465,-2.902723550796509,-2.177046775817871,-1.451370120048523,-0.72569340467453,-1.6689160474925302e-05]},"tokens/responses_len_mean":95,"ppo/std_scores":1.1880415678024292,"ppo/policy/advantages":{"bins":[-4.580380916595459,-4.341047763824463,-4.101714611053467,-3.8623812198638916,-3.6230480670928955,-3.3837149143218994,-3.144381523132324,-2.905048370361328,-2.665715217590332,-2.426381826400757,-2.1870486736297607,-1.9477155208587646,-1.708382248878479,-1.469049096107483,-1.2297158241271973,-0.9903826117515564,-0.7510493993759155,-0.5117161870002747,-0.2723829746246338,-0.03304973989725113,0.20628347992897034,0.4456166923046112,0.6849499344825745,0.9242831468582153,1.163616418838501,1.402949571609497,1.6422828435897827,1.8816159963607788,2.1209492683410645,2.3602824211120605,2.5996155738830566,2.838948965072632,3.078282117843628],"_type":"histogram","values":[4,0,0,0,8,4,12,8,28,16,24,52,108,136,148,332,640,10580,260,316,340,316,252,136,96,60,48,36,24,20,0,12]},"ppo/mean_scores":1.161468505859375,"objective/kl":0.12984304130077362,"game_log":{"_latest_artifact_path":"wandb-client-artifact://z3a4124rnauge1sbf49nyx18nhr82g4gs38lvxzjpfq71k5bmft3r4omdjsaiyfqfk7jbsuwu4ozxlecfo1q79xmsjugsig1ziytbigjfyovnv8ww7bz9gwslxuiwof8:latest/game_log.table.json","path":"media/table/game_log_4_07ec0d7d5348c8856a2e.table.json","ncols":3,"nrows":8,"_type":"table-file","sha256":"07ec0d7d5348c8856a2e4c7bdc0212b1980b5889cb5297abdc9130f485a5d429","size":9884,"artifact_path":"wandb-client-artifact://7b7h4lj17yz5juuvpsklntdw2ju6rqf3qj7x5xqanarmjqvx9jde0818qmm34b613zem44ii0exd3u6p6gatwdgbdeu5ulr8ro0tngxe5385py0r2rf74nhnd5559ody/game_log.table.json"},"_step":5,"env/reward_std":1.1880415678024292,"tokens/queries_dist":[172,196,121,82,36,360,205,167],"objective/entropy":154.604736328125,"ppo/val/clipfrac":0.008969807997345924,"_wandb":{"runtime":118},"ppo/val/vpred":-1.1423556804656982,"ppo/val/mean":-1.1627697944641113,"ppo/mean_non_score_reward":-0.00027330979355610907,"ppo/loss/total":0.09368083626031876,"objective/ref_logprobs":{"values":[1,0,0,2,2,8,13,26,39,60,92,132,136,169,181,161,132,112,90,67,51,51,46,61,67,89,113,138,171,229,264,801],"bins":[-23.258920669555664,-22.532079696655273,-21.805238723754883,-21.078399658203125,-20.351558685302734,-19.624717712402344,-18.897876739501953,-18.171037673950195,-17.444196701049805,-16.717355728149414,-15.99051570892334,-15.26367473602295,-14.536834716796875,-13.809993743896484,-13.08315372467041,-12.35631275177002,-11.629472732543945,-10.902631759643555,-10.17579174041748,-9.44895076751709,-8.722110748291016,-7.995270252227783,-7.268429279327393,-6.54158878326416,-5.814748287200928,-5.087907791137695,-4.361067295074463,-3.6342270374298096,-2.907386541366577,-2.1805460453033447,-1.4537054300308228,-0.7268649339675903,-2.4437606043647975e-05],"_type":"histogram"},"time/ppo/compute_rewards":0.001272439956665039,"ppo/policy/approxkl":0.006590129807591438,"ppo/val/var_explained":-3.557192325592041,"tokens/queries_len_mean":167.375,"time/ppo/forward_pass":2.924527645111084,"_runtime":118.916749249,"ppo/learning_rate":1.4e-05,"time/ppo/optimize_step":12.816845893859863}