{"objective/ref_logprobs":{"values":[2,0,0,2,1,2,9,13,27,42,62,114,101,133,130,128,107,94,84,71,57,57,61,57,71,90,100,135,163,216,290,1165],"bins":[-23.376611709594727,-22.646093368530273,-21.915573120117188,-21.185054779052734,-20.45453643798828,-19.724016189575195,-18.993497848510742,-18.262977600097656,-17.532459259033203,-16.80194091796875,-16.071420669555664,-15.340902328491211,-14.610383033752441,-13.879863739013672,-13.149345397949219,-12.41882610321045,-11.68830680847168,-10.957788467407227,-10.227269172668457,-9.496749877929688,-8.766230583190918,-8.035712242126465,-7.305192947387695,-6.574673652648926,-5.8441548347473145,-5.113635540008545,-4.383116722106934,-3.652597665786743,-2.9220786094665527,-2.1915595531463623,-1.4610404968261719,-0.7305214405059814,-2.3841830625315197e-06],"_type":"histogram"},"ppo/policy/clipfrac":0.04471059516072273,"objective/kl":-2.7283449172973633,"time/ppo/forward_pass":2.8717916011810303,"_runtime":31420.409217786,"time/ppo/calc_stats":0.03343462944030762,"tokens/responses_len_mean":154.5,"tokens/queries_dist":[49,182,147,279,231,133,119,46],"ppo/returns/mean":0.5066437721252441,"step":89,"ppo/returns/var":0.28367137908935547,"ppo/val/error":0.8519320487976074,"ppo/val/mean":0.5681688785552979,"game_log":{"size":11909,"artifact_path":"wandb-client-artifact://0y3918b4zeq72lzefoozkzh01cmnoypvgz6i7a4cwgdqkcq428s6j3vto2li5x7vf9snnzaksu9s47ppziqiggj4f4eoji5df3lm3p61fc4jf9e3xn5epk63ia2oxn1a/game_log.table.json","_latest_artifact_path":"wandb-client-artifact://z0elnctdzz4k8vvwsvlqk16wn3uwj4tvxel80qwbfoyk7p317jmwgeo9jxe6scigp8yhrjpkcpv254lid9yw8ndezl0b1telb3h8uk3tpkmje8yvjs09zsk2pcezn88f:latest/game_log.table.json","path":"media/table/game_log_1709_1b5e981d0d6f361c8395.table.json","ncols":3,"nrows":8,"_type":"table-file","sha256":"1b5e981d0d6f361c8395fd2d1c955f48909cd06b83644335bba4f487fc86ee6a"},"objective/kl_coef":0.1971719572075306,"ppo/val/clipfrac":0.009001033380627632,"time/ppo/total":15.356942176818848,"tokens/responses_len_std":67.88435363769531,"env/reward_mean":-0.27728271484375,"ppo/policy/advantages":{"bins":[-6.139416217803955,-5.830051898956299,-5.520688056945801,-5.2113237380981445,-4.901959419250488,-4.59259557723999,-4.283231258392334,-3.9738669395446777,-3.6645028591156006,-3.3551387786865234,-3.045774459838867,-2.73641037940979,-2.427046298980713,-2.1176819801330566,-1.8083178997039795,-1.4989537000656128,-1.189589500427246,-0.8802253007888794,-0.5708611607551575,-0.26149699091911316,0.04786717891693115,0.35723134875297546,0.6665955185890198,0.9759596586227417,1.2853238582611084,1.594688057899475,1.9040522575378418,2.213416337966919,2.522780418395996,2.8321447372436523,3.1415088176727295,3.4508731365203857,3.760237216949463],"_type":"histogram","values":[4,4,4,4,0,4,4,12,4,8,0,20,36,56,112,192,264,456,648,860,9492,772,552,348,208,120,76,52,20,0,0,4]},"objective/logprobs":{"_type":"histogram","values":[1,0,0,0,0,0,2,4,2,9,15,39,69,116,142,143,148,148,101,86,84,75,64,66,68,93,100,135,170,200,308,1196],"bins":[-25.28441619873047,-24.494277954101562,-23.704139709472656,-22.914003372192383,-22.123865127563477,-21.33372688293457,-20.543588638305664,-19.753450393676758,-18.96331214904785,-18.173175811767578,-17.383037567138672,-16.592899322509766,-15.80276107788086,-15.01262378692627,-14.222485542297363,-13.432347297668457,-12.642210006713867,-11.852071762084961,-11.061933517456055,-10.271796226501465,-9.481657981872559,-8.691520690917969,-7.9013824462890625,-7.1112446784973145,-6.321106433868408,-5.53096866607666,-4.740830898284912,-3.950692892074585,-3.160554885864258,-2.3704171180725098,-1.5802791118621826,-0.790141224861145,-3.3378546504536644e-06]},"ppo/loss/policy":0.007332412526011467,"ppo/val/vpred":0.5601560473442078,"ppo/mean_scores":-0.27728271484375,"_wandb":{"runtime":31420},"ppo/val/var":0.594329833984375,"_step":1709,"ppo/learning_rate":1.4e-05,"ppo/loss/value":0.42658698558807373,"env/reward_dist":[-0.17041015625,-0.83740234375,-1.3251953125,1.234375,-0.10595703125,1.1162109375,-2.62890625,0.4990234375],"reward_per_sample":0.4990234375,"time/ppo/compute_rewards":0.0012233257293701172,"ppo/policy/ratio":{"bins":[0.0034313162323087454,16.924697875976562,33.84596252441406,50.76723098754883,67.6884994506836,84.6097640991211,101.5310287475586,118.4522933959961,135.37356567382812,152.29483032226562,169.21609497070312,186.13735961914062,203.05862426757812,219.97988891601562,236.90115356445312,253.82241821289062,270.7436828613281,287.6649475097656,304.5862121582031,321.5074768066406,338.4287414550781,355.3500061035156,372.27130126953125,389.19256591796875,406.11383056640625,423.03509521484375,439.95635986328125,456.87762451171875,473.79888916015625,490.72015380859375,507.64141845703125,524.5626831054688,541.4839477539062],"_type":"histogram","values":[14271,41,11,3,1,2,0,2,0,1,1,0,0,0,0,0,0,0,0,0,0,0,1,1,0,0,0,0,0,0,0,1]},"time/ppo/optimize_step":12.4245924949646,"time/ppo/compute_advantages":0.025819778442382812,"ppo/mean_non_score_reward":0.0034818965941667557,"_timestamp":1.7409956817004416e+09,"env/reward_std":1.2990297079086304,"ppo/policy/advantages_mean":-0.002843040507286787,"avg_reward":-0.27728271484375,"objective/entropy":195.02978515625,"tokens/queries_len_mean":148.25,"ppo/val/var_explained":-2.0032358169555664,"ppo/policy/entropy":1.1923985481262207,"ppo/std_scores":1.2990297079086304,"gen_length_per_sample":218,"objective/kl_dist":[-0.8353252410888672,-12.203277587890625,-0.05611079931259155,-4.036725044250488,2.915390968322754,-0.39734768867492676,-2.558063507080078,-4.655299186706543],"avg_generation_length":154.5,"ppo/policy/policykl":-0.008779173716902733,"tokens/queries_len_std":81.48400115966797,"ppo/policy/approxkl":0.0108501510694623,"tokens/responses_dist":[91,91,91,91,218,218,218,218],"ppo/loss/total":0.04999111220240593}