{"ppo/val/vpred":-2.1018259525299072,"time/ppo/optimize_step":17.019507884979248,"ppo/learning_rate":1.4e-05,"ppo/policy/clipfrac":0.019558589905500412,"ppo/val/var":2.2579612731933594,"ppo/policy/ratio":{"_type":"histogram","values":[27533,63,22,7,5,3,3,2,1,0,2,0,2,0,1,0,0,0,1,0,1,1,0,0,0,0,0,0,0,0,0,1],"bins":[0.0019995744805783033,42.249996185302734,84.49799346923828,126.74598693847656,168.99398803710938,211.24197387695312,253.48997497558594,295.73797607421875,337.9859619140625,380.23394775390625,422.4819641113281,464.7299499511719,506.9779357910156,549.2259521484375,591.4739379882812,633.721923828125,675.9699096679688,718.2179565429688,760.4659423828125,802.7139282226562,844.9619140625,887.2098999023438,929.4578857421875,971.7059326171875,1013.9539184570312,1056.201904296875,1098.449951171875,1140.6978759765625,1182.9459228515625,1225.19384765625,1267.44189453125,1309.6898193359375,1351.9378662109375]},"ppo/val/mean":-2.1002073287963867,"ppo/policy/advantages":{"_type":"histogram","values":[4,12,4,4,4,12,4,4,16,24,84,136,184,292,556,904,1252,1576,18056,1280,1064,852,640,340,164,100,32,8,4,16,8,12],"bins":[-5.520744323730469,-5.223125457763672,-4.925506591796875,-4.627887725830078,-4.3302693367004395,-4.032650470733643,-3.7350316047668457,-3.437412738800049,-3.139793872833252,-2.842175245285034,-2.5445563793182373,-2.2469375133514404,-1.9493188858032227,-1.6517000198364258,-1.3540812730789185,-1.0564624071121216,-0.7588436603546143,-0.46122485399246216,-0.16360607743263245,0.13401271402835846,0.43163150548934937,0.7292503118515015,1.0268690586090088,1.3244879245758057,1.622106671333313,1.9197254180908203,2.217344284057617,2.514963150024414,2.812581777572632,3.1102006435394287,3.4078195095062256,3.7054381370544434,4.00305700302124]},"ppo/val/clipfrac":0.025712909176945686,"tokens/queries_dist":[91,298,329,79,298,398,43,338],"_step":0,"time/ppo/compute_rewards":0.0018503665924072266,"objective/kl_coef":0.2,"_timestamp":1.743133017189918e+09,"time/ppo/total":20.241250038146973,"tokens/responses_dist":[134,134,134,134,467,467,467,467],"time/ppo/calc_stats":0.055504560470581055,"tokens/responses_len_std":177.99598693847656,"objective/kl":-0.37512537837028503,"ppo/val/error":3.3607470989227295,"tokens/queries_len_std":139.32669067382812,"ppo/returns/var":1.5287351608276367,"game_log":{"nrows":8,"_type":"table-file","sha256":"fd452a175e1002e6b79aa209378c5d385afeb5826ce6e5a89db6850bacaf45f9","size":23755,"artifact_path":"wandb-client-artifact://ts0jfrcdk32b0o42xd2eyjberltegnk1chuc9grcc0du0uy36f3czal8p9l3mtlve5weyqepke8nz2ulht0auljqvc1c2ouzzu7teofyknf9mvd9n7u0umdlf7kp76mu/game_log.table.json","_latest_artifact_path":"wandb-client-artifact://ffd7br79slfd6lw9swp6tthfu2a1xe3o5eqnmppe63bxmcrurvcmftpd0ndij55p34pzz5tvx7og7od5cnbbcrugjjza59x75of5312kjehpmisstcomc3gvzpstm7wy:latest/game_log.table.json","path":"media/table/game_log_0_fd452a175e1002e6b79a.table.json","ncols":3},"ppo/policy/policykl":-0.0012879276182502508,"_runtime":134.630184076,"time/ppo/compute_advantages":0.05206418037414551,"tokens/responses_len_mean":300.5,"_wandb":{"runtime":134},"objective/entropy":122.29679107666016,"tokens/queries_len_mean":234.25,"ppo/val/var_explained":-1.1983840465545654,"ppo/std_scores":5.3181610107421875,"ppo/policy/entropy":0.9186625480651855,"env/reward_std":5.3181610107421875,"ppo/loss/policy":0.03647017478942871,"objective/logprobs":{"values":[2,3,4,7,8,11,11,23,28,44,68,59,96,128,180,220,290,306,312,289,232,167,127,76,51,51,49,101,127,271,546,3025],"bins":[-29.117948532104492,-28.2080135345459,-27.298076629638672,-26.388141632080078,-25.47820472717285,-24.568269729614258,-23.65833282470703,-22.748397827148438,-21.83846092224121,-20.928525924682617,-20.01858901977539,-19.108654022216797,-18.19871711730957,-17.288782119750977,-16.37884521484375,-15.468910217285156,-14.558974266052246,-13.649038314819336,-12.739102363586426,-11.829166412353516,-10.919230461120605,-10.009294509887695,-9.099358558654785,-8.189422607421875,-7.279487133026123,-6.369551181793213,-5.459615230560303,-4.549679279327393,-3.6397435665130615,-2.7298076152801514,-1.8198717832565308,-0.9099358916282654,0],"_type":"histogram"},"objective/ref_logprobs":{"_type":"histogram","values":[2,2,4,4,11,14,11,20,25,37,74,61,85,109,166,217,319,311,344,297,209,163,117,92,48,50,45,114,121,265,555,3020],"bins":[-29.117948532104492,-28.2080135345459,-27.298076629638672,-26.388141632080078,-25.47820472717285,-24.568269729614258,-23.65833282470703,-22.748397827148438,-21.83846092224121,-20.928525924682617,-20.01858901977539,-19.108654022216797,-18.19871711730957,-17.288782119750977,-16.37884521484375,-15.468910217285156,-14.558974266052246,-13.649038314819336,-12.739102363586426,-11.829166412353516,-10.919230461120605,-10.009294509887695,-9.099358558654785,-8.189422607421875,-7.279487133026123,-6.369551181793213,-5.459615230560303,-4.549679279327393,-3.6397435665130615,-2.7298076152801514,-1.8198717832565308,-0.9099358916282654,0]},"time/ppo/forward_pass":3.112126350402832,"ppo/mean_non_score_reward":0.00024966744240373373,"ppo/mean_scores":-2.6229248046875,"ppo/loss/total":0.20516690611839294,"ppo/policy/approxkl":0.0030036773532629013,"env/reward_dist":[-10.5,-7.01953125,6.625,-3.443359375,1.3466796875,-5.75390625,-1.51953125,-0.71875],"objective/kl_dist":[-1.7494165897369385,-4.317083358764648,1.023593544960022,-1.7176939249038696,0,3.653367519378662,0,0.10622954368591309],"ppo/policy/advantages_mean":-0.035092830657958984,"ppo/returns/mean":-2.196247100830078,"env/reward_mean":-2.6229248046875,"ppo/loss/value":1.686967134475708}