{"ppo/policy/clipfrac":0.014640728011727333,"time/ppo/forward_pass":3.124689817428589,"objective/entropy":91.75566101074219,"objective/kl_dist":[1.227521300315857,-1.9057281017303467,0.2740899920463562,0.8636788129806519,0,0.6223453283309937,28.340335845947266,-3.476564407348633],"objective/ref_logprobs":{"values":[1,0,0,1,0,1,2,1,3,4,7,9,19,22,37,72,99,124,157,136,122,191,209,208,145,107,93,159,243,350,636,3754],"bins":[-31.282262802124023,-30.304691314697266,-29.32712173461914,-28.349550247192383,-27.371980667114258,-26.3944091796875,-25.416837692260742,-24.439268112182617,-23.46169662475586,-22.484127044677734,-21.506555557250977,-20.52898406982422,-19.551414489746094,-18.573843002319336,-17.59627342224121,-16.618701934814453,-15.641131401062012,-14.66356086730957,-13.685990333557129,-12.708418846130371,-11.73084831237793,-10.753277778625488,-9.775707244873047,-8.798136711120605,-7.820565700531006,-6.8429951667785645,-5.865424156188965,-4.887853622436523,-3.910282850265503,-2.9327120780944824,-1.9551414251327515,-0.9775707125663757,0],"_type":"histogram"},"ppo/loss/total":0.00849916972219944,"env/reward_mean":-1.332366943359375,"env/reward_dist":[1.3046875,-1.111328125,-2.51171875,2.419921875,-7.2421875,-3.048828125,-0.84033203125,0.370849609375],"tokens/responses_len_mean":300.5,"tokens/queries_len_std":0,"ppo/policy/advantages":{"bins":[-5.845637321472168,-5.546343803405762,-5.2470502853393555,-4.947756290435791,-4.648462772369385,-4.3491692543029785,-4.049875259399414,-3.750581741333008,-3.4512882232666016,-3.1519947052001953,-2.85270094871521,-2.5534071922302246,-2.2541136741638184,-1.9548200368881226,-1.6555263996124268,-1.356232762336731,-1.0569391250610352,-0.7576454877853394,-0.45835185050964355,-0.15905821323394775,0.14023542404174805,0.43952906131744385,0.7388226985931396,1.0381163358688354,1.3374099731445312,1.636703610420227,1.9359972476959229,2.235291004180908,2.5345845222473145,2.8338780403137207,3.133171796798706,3.4324655532836914,3.7317590713500977],"_type":"histogram","values":[4,0,4,0,4,4,4,4,20,40,80,60,172,232,348,428,632,984,2056,18824,1092,724,632,472,356,212,132,68,20,20,12,8]},"ppo/val/var":1.456268548965454,"objective/kl":3.2432098388671875,"ppo/policy/advantages_mean":0.08427036553621292,"ppo/std_scores":3.0116138458251953,"ppo/policy/entropy":0.8327975869178772,"time/ppo/optimize_step":17.008329391479492,"tokens/queries_len_mean":398,"ppo/mean_scores":-1.332366943359375,"time/ppo/compute_advantages":0.04992985725402832,"ppo/policy/policykl":-0.011109200306236744,"tokens/responses_dist":[134,134,134,134,467,467,467,467],"time/ppo/compute_rewards":0.00171661376953125,"env/reward_std":3.0116138458251953,"game_log":{"sha256":"ba9ad216aa7a84a67fcfde3fd1d37f1d458c71ebaf1f58806d8e1ae388da8a87","size":16112,"artifact_path":"wandb-client-artifact://r6cc0ut7xfkymtb5d32d0gpar89zahtx8wnn22ckluew7bsvy0i0wp82e0olaakmivzaqndgmnp7ff95xefb5xjodoonqpt87y4sd1l0secfea7ziyzpedv94lc1l4xb/game_log.table.json","_latest_artifact_path":"wandb-client-artifact://jmvdl3cumk0jdtllbjzcrpqlscmxp6qjipv5vapxvsxyeetmlts0ocirc6qml8wdkxefym4n7brmbr1glncxe6zfvlaxl0be2uad0jty2mtygtqfw6u8cooeuwn6noup:latest/game_log.table.json","path":"media/table/game_log_0_ba9ad216aa7a84a67fcf.table.json","ncols":3,"nrows":8,"_type":"table-file"},"ppo/loss/value":0.9047821760177612,"ppo/val/clipfrac":0.039902202785015106,"ppo/val/vpred":-1.7736619710922241,"ppo/returns/var":0.5038906335830688,"_runtime":135.101881708,"time/ppo/calc_stats":0.05554914474487305,"ppo/policy/ratio":{"_type":"histogram","values":[27561,58,11,7,2,2,1,1,0,2,0,0,0,0,0,0,0,0,1,0,0,0,0,0,0,0,0,0,0,0,0,2],"bins":[0.0047094691544771194,17.005098342895508,34.00548553466797,51.00587463378906,68.00626373291016,85.00665283203125,102.00704193115234,119.00743103027344,136.0078125,153.00820922851562,170.0085906982422,187.0089874267578,204.00936889648438,221.009765625,238.01014709472656,255.0105438232422,272.01092529296875,289.0113220214844,306.01171875,323.0120849609375,340.0124816894531,357.01287841796875,374.0132751464844,391.0136413574219,408.0140380859375,425.0144348144531,442.01483154296875,459.01519775390625,476.0155944824219,493.0159912109375,510.0163879394531,527.0167846679688,544.0171508789062]},"ppo/policy/approxkl":0.0034042128827422857,"ppo/loss/policy":-0.08197905123233795,"tokens/responses_len_std":177.99598693847656,"ppo/val/error":1.8048368692398071,"_wandb":{"runtime":135},"ppo/val/mean":-1.8144266605377197,"ppo/returns/mean":-1.6932134628295898,"ppo/val/var_explained":-2.5818028450012207,"time/ppo/total":20.240382432937622,"_step":0,"tokens/queries_dist":[398,398,398,398,398,398,398,398],"objective/kl_coef":0.2,"ppo/learning_rate":1.4e-05,"_timestamp":1.7431344527761824e+09,"objective/logprobs":{"_type":"histogram","values":[2,0,0,1,0,1,3,6,5,6,14,20,23,57,61,79,109,136,125,161,233,200,159,119,82,85,105,180,228,346,632,3734],"bins":[-28.956640243530273,-28.05174446105957,-27.1468505859375,-26.241954803466797,-25.337060928344727,-24.432165145874023,-23.52726936340332,-22.62237548828125,-21.717479705810547,-20.812585830688477,-19.907690048217773,-19.00279426574707,-18.097900390625,-17.193004608154297,-16.288110733032227,-15.383214950561523,-14.478320121765137,-13.57342529296875,-12.668530464172363,-11.76363468170166,-10.858739852905273,-9.953845024108887,-9.0489501953125,-8.144055366516113,-7.239160060882568,-6.334265232086182,-5.429369926452637,-4.52447509765625,-3.619580030441284,-2.7146849632263184,-1.809790015220642,-0.904895007610321,0]},"ppo/mean_non_score_reward":-0.0021585423965007067}