{"ppo/val/mean":0.020259808748960495,"ppo/policy/entropy":1.3556344509124756,"ppo/policy/approxkl":0.009976174682378769,"objective/ref_logprobs":{"_type":"histogram","values":[2,0,0,2,0,0,1,2,6,8,12,33,57,102,135,164,158,148,139,125,66,60,45,51,39,68,62,103,125,172,282,1041],"bins":[-26.18277359008789,-25.364561080932617,-24.546350479125977,-23.728137969970703,-22.909927368164062,-22.09171485900879,-21.27350425720215,-20.455291748046875,-19.637081146240234,-18.81886863708496,-18.00065803527832,-17.182445526123047,-16.364234924316406,-15.54602336883545,-14.727811813354492,-13.909600257873535,-13.091387748718262,-12.273176193237305,-11.454964637756348,-10.63675308227539,-9.818541526794434,-9.000329971313477,-8.18211841583252,-7.363907337188721,-6.5456953048706055,-5.727483749389648,-4.909272193908691,-4.091060638427734,-3.2728490829467773,-2.4546375274658203,-1.6364259719848633,-0.8182144165039062,-2.861018856492592e-06]},"objective/kl_coef":0.19952053722744273,"tokens/responses_len_std":6.948792457580566,"reward_per_sample":-0.77392578125,"step":15,"ppo/returns/mean":0.22231796383857727,"objective/logprobs":{"values":[2,1,1,0,0,4,9,7,17,36,49,93,113,130,152,147,129,120,84,77,50,38,50,30,46,67,67,105,115,187,268,1014],"bins":[-23.975311279296875,-23.226083755493164,-22.47685432434082,-21.72762680053711,-20.978397369384766,-20.229169845581055,-19.47994041442871,-18.730712890625,-17.981483459472656,-17.232255935668945,-16.4830265045166,-15.73379898071289,-14.984570503234863,-14.235342025756836,-13.486113548278809,-12.736885070800781,-11.987656593322754,-11.238429069519043,-10.489200592041016,-9.739972114562988,-8.990743637084961,-8.241515159606934,-7.492286682128906,-6.743058204650879,-5.993829727172852,-5.244601249694824,-4.495373249053955,-3.7461447715759277,-2.9969162940979004,-2.247687816619873,-1.4984595775604248,-0.7492311596870422,-2.7418097943154862e-06],"_type":"histogram"},"ppo/policy/clipfrac":0.04342776909470558,"time/ppo/compute_advantages":0.02328205108642578,"time/ppo/optimize_step":11.69891881942749,"ppo/policy/policykl":0.004636957310140133,"ppo/returns/var":0.31964051723480225,"_timestamp":1.7407634480927129e+09,"time/ppo/total":14.64963150024414,"ppo/policy/ratio":{"values":[12823,5,1,1,1,0,0,0,0,0,0,0,0,0,0,0,0,0,0,0,0,0,0,0,0,0,0,0,0,0,0,1],"bins":[0.000410191947594285,198.07550048828125,396.1506042480469,594.2257080078125,792.30078125,990.3758544921875,1188.450927734375,1386.5260009765625,1584.6011962890625,1782.67626953125,1980.7513427734375,2178.826416015625,2376.901611328125,2574.9765625,2773.0517578125,2971.126708984375,3169.201904296875,3367.27685546875,3565.35205078125,3763.42724609375,3961.502197265625,4159.5771484375,4357.65234375,4555.7275390625,4753.802734375,4951.87744140625,5149.95263671875,5348.02783203125,5546.10302734375,5744.17822265625,5942.2529296875,6140.328125,6338.4033203125],"_type":"histogram"},"gen_length_per_sample":116,"ppo/mean_non_score_reward":0.00168193771969527,"tokens/responses_dist":[103,103,103,103,116,116,116,116],"objective/kl":-0.9230738878250122,"time/ppo/forward_pass":2.898175001144409,"tokens/queries_len_mean":139.375,"avg_reward":1.00848388671875,"ppo/loss/total":0.0906553789973259,"time/ppo/calc_stats":0.027920961380004883,"tokens/queries_dist":[109,231,27,299,153,108,83,105],"ppo/val/vpred":0.034517552703619,"ppo/loss/policy":0.009382156655192375,"ppo/policy/advantages":{"values":[4,8,12,16,4,40,60,96,128,148,220,256,196,472,8832,568,400,264,252,192,200,120,112,76,44,16,20,28,20,12,4,12],"bins":[-3.057811975479126,-2.8591086864471436,-2.660405158996582,-2.4617018699645996,-2.262998580932617,-2.0642950534820557,-1.8655917644500732,-1.6668883562088013,-1.4681849479675293,-1.2694816589355469,-1.070778250694275,-0.8720749020576477,-0.6733715534210205,-0.47466814517974854,-0.27596479654312134,-0.07726141065359116,0.12144196033477783,0.3201453387737274,0.518848717212677,0.7175520658493042,0.9162554740905762,1.1149587631225586,1.3136621713638306,1.5123655796051025,1.711068868637085,1.909772276878357,2.108475685119629,2.3071789741516113,2.505882501602173,2.7045857906341553,2.9032890796661377,3.101992607116699,3.3006958961486816],"_type":"histogram"},"ppo/mean_scores":1.00848388671875,"game_log":{"_type":"table-file","sha256":"021056ba3aed6f03a117a53af1316388bb9f00676377e94b58a7e5404469aaab","size":8719,"artifact_path":"wandb-client-artifact://roh8co1igsmj167gewkjtlgl3gx7aaal67bvd6xs359tzsxdyigjck4jx8fcicsserlxs63f4do9tzl02ea5n3dth09zu0u992vjvz8gxdzbkiz5v4x5346ztowct70p/game_log.table.json","_latest_artifact_path":"wandb-client-artifact://m7qfpaherodakch0a11iom9a8lq39e6h5s10z8pemkq6lx51dk9aymxlkc8qbnvy6po43e4gm4qirkf01j473iw30axwdjf4u20ns0n3prwym806l9juzmdj5nzz78xd:latest/game_log.table.json","path":"media/table/game_log_303_021056ba3aed6f03a117.table.json","ncols":3,"nrows":8},"ppo/learning_rate":1.4e-05,"tokens/responses_len_mean":109.5,"ppo/policy/advantages_mean":2.4259090423583984e-05,"ppo/loss/value":0.8127322196960449,"env/reward_std":1.991471529006958,"time/ppo/compute_rewards":0.0012526512145996094,"ppo/val/var_explained":-4.080646514892578,"ppo/val/error":1.6239805221557617,"tokens/queries_len_std":86.97772979736328,"env/reward_mean":1.00848388671875,"ppo/val/var":1.2213352918624878,"env/reward_dist":[2.9765625,2.09375,1.212890625,-1.0419921875,1.25,-1.5791015625,3.9296875,-0.77392578125],"_wandb":{"runtime":930},"objective/kl_dist":[-2.2518014907836914,-0.1120087206363678,2.9320831298828125,-0.03161412477493286,0.4876275062561035,-4.300885200500488,-0.8314129114151001,-3.2765793800354004],"ppo/std_scores":1.991471529006958,"avg_generation_length":109.5,"_step":303,"_runtime":930.054812901,"objective/entropy":168.9730224609375,"ppo/val/clipfrac":0.01138788927346468}