{"time/ppo/optimize_step":12.464500427246094,"tokens/queries_len_mean":82.625,"ppo/std_scores":5.641157150268555,"tokens/queries_dist":[43,298,44,43,66,44,79,44],"_timestamp":1.7431263825738528e+09,"ppo/policy/approxkl":0.011159900575876236,"env/reward_dist":[7.34375,-1.1943359375,-8.0703125,4.51171875,-1.67578125,-6.6171875,-5.25,-6.8984375],"ppo/val/var_explained":-1.1216754913330078,"time/ppo/compute_advantages":0.024108171463012695,"ppo/loss/total":0.23580476641654968,"time/ppo/forward_pass":2.848249673843384,"ppo/mean_scores":-2.2313232421875,"ppo/policy/ratio":{"bins":[0.0014840811491012573,87.08074188232422,174.16000366210938,261.2392578125,348.31854248046875,435.3977966308594,522.47705078125,609.5563354492188,696.6355590820312,783.71484375,870.7940673828125,957.8733520507812,1044.95263671875,1132.0318603515625,1219.111083984375,1306.1904296875,1393.2696533203125,1480.348876953125,1567.42822265625,1654.5074462890625,1741.586669921875,1828.666015625,1915.7452392578125,2002.824462890625,2089.90380859375,2176.98291015625,2264.062255859375,2351.1416015625,2438.220703125,2525.300048828125,2612.37939453125,2699.45849609375,2786.537841796875],"_type":"histogram","values":[13361,20,11,6,1,1,0,1,1,1,0,0,0,1,0,0,0,0,0,0,0,2,0,0,0,0,1,0,0,0,0,1]},"ppo/val/var":1.4998834133148193,"env/reward_mean":-2.2313232421875,"ppo/loss/value":1.7670307159423828,"_step":1,"tokens/responses_len_mean":106,"time/ppo/total":15.37066912651062,"ppo/val/error":3.5274176597595215,"ppo/learning_rate":1.4e-05,"tokens/responses_len_std":17.104719161987305,"objective/kl_coef":0.199968,"ppo/val/mean":-2.6116743087768555,"game_log":{"_latest_artifact_path":"wandb-client-artifact://jeceh0ce9q2rvl415870pcreojmjo9d860md1cq9e4dnlxzjsggb2mj374reicfduvvkpe7m1llpz64lias3zwaf9ovbepiywbbjtxuxtpjiyrmhcjbiw7rx8fxrpbn1:latest/game_log.table.json","path":"media/table/game_log_1_1b2daee612360f96aba8.table.json","ncols":3,"nrows":8,"_type":"table-file","sha256":"1b2daee612360f96aba81adc2ba4671ee28ea7a40b4609f2ef8e3546cb886eea","size":9091,"artifact_path":"wandb-client-artifact://cgmaak2ptzc1dla03rmn3sl0pkpaxkfnvz2ijb70fm24mlxqcq138evymh2wt9t74l5i8296s7dsoh8a63cplrq0h1y41ldhztnv7iy8xi215r1e38dw2aqpz2c6ykuc/game_log.table.json"},"objective/logprobs":{"values":[2,0,2,1,6,10,9,10,19,40,58,112,155,166,200,200,196,179,148,121,101,72,66,48,54,35,65,70,82,110,135,880],"bins":[-25.955835342407227,-25.144716262817383,-24.333595275878906,-23.522476196289062,-22.71135711669922,-21.900236129760742,-21.0891170501709,-20.277996063232422,-19.466876983642578,-18.655757904052734,-17.844636917114258,-17.033517837524414,-16.22239875793457,-15.411277770996094,-14.60015869140625,-13.78903865814209,-12.97791862487793,-12.16679859161377,-11.355679512023926,-10.544559478759766,-9.733439445495605,-8.922319412231445,-8.111200332641602,-7.300080299377441,-6.488960266113281,-5.677840709686279,-4.866720676422119,-4.055601119995117,-3.244481086730957,-2.433361291885376,-1.6222416162490845,-0.8111218214035034,-2.0265558760002023e-06],"_type":"histogram"},"objective/ref_logprobs":{"_type":"histogram","values":[2,1,3,5,4,9,15,30,31,39,65,101,141,197,191,200,170,146,148,122,86,95,68,50,56,39,66,69,81,119,133,870],"bins":[-25.365556716918945,-24.57288360595703,-23.780210494995117,-22.98753547668457,-22.194862365722656,-21.402189254760742,-20.609516143798828,-19.81684112548828,-19.024168014526367,-18.231494903564453,-17.43882179260254,-16.646148681640625,-15.853474617004395,-15.060800552368164,-14.26812744140625,-13.47545337677002,-12.682780265808105,-11.890107154846191,-11.097433090209961,-10.304759979248047,-9.512085914611816,-8.719412803649902,-7.92673921585083,-7.134065628051758,-6.3413920402526855,-5.548718452453613,-4.756044864654541,-3.963371515274048,-3.1706979274749756,-2.3780243396759033,-1.5853508710861206,-0.7926773428916931,-3.814689989667386e-06]},"ppo/val/vpred":-2.626814365386963,"tokens/responses_dist":[122,122,122,122,90,90,90,90],"ppo/policy/policykl":-0.0018033343367278576,"_runtime":130.935174285,"ppo/returns/var":1.662562370300293,"time/ppo/calc_stats":0.03240966796875,"_wandb":{"runtime":130},"env/reward_std":5.641157150268555,"time/ppo/compute_rewards":0.0012905597686767578,"objective/kl_dist":[-1.6898022890090942,-0.378648042678833,-3.6272671222686768,2.1313140392303467,-0.4317988455295563,0.5399351119995117,-0.831092894077301,1.1120349168777466],"ppo/mean_non_score_reward":0.0007487775874324143,"ppo/loss/policy":0.059101689606904984,"ppo/policy/advantages":{"bins":[-3.0523576736450195,-2.784895658493042,-2.5174334049224854,-2.249971389770508,-1.9825091361999512,-1.7150471210479736,-1.4475849866867065,-1.1801228523254395,-0.9126607179641724,-0.6451985836029053,-0.37773647904396057,-0.11027435958385468,0.15718775987625122,0.4246498942375183,0.6921119689941406,0.9595741033554077,1.2270362377166748,1.494498372077942,1.761960506439209,2.0294225215911865,2.296884775161743,2.5643467903137207,2.8318090438842773,3.099271059036255,3.3667330741882324,3.634195327758789,3.9016573429107666,4.169119358062744,4.436581611633301,4.704043865203857,4.971506118774414,5.2389678955078125,5.506430149078369],"_type":"histogram","values":[8,0,0,20,44,100,216,292,488,780,1088,9112,360,332,204,112,48,20,36,36,24,24,8,16,12,8,0,0,8,8,0,4]},"ppo/policy/clipfrac":0.045275501906871796,"ppo/val/clipfrac":0.030635245144367218,"ppo/returns/mean":-2.662832260131836,"tokens/queries_len_std":88.06805419921875,"objective/kl":-0.39691564440727234,"objective/entropy":125.24424743652344,"ppo/policy/advantages_mean":-0.04510151222348213,"ppo/policy/entropy":1.0497784614562988}