{"ppo/policy/clipfrac":0.04695308580994606,"time/ppo/compute_advantages":0.029905080795288086,"ppo/val/mean":-0.33342689275741577,"tokens/responses_len_std":2.138089895248413,"env/reward_std":3.8042774200439453,"ppo/val/vpred":-0.32080283761024475,"_wandb":{"runtime":808},"objective/logprobs":{"_type":"histogram","values":[1,0,0,0,0,0,0,0,1,1,4,10,13,34,52,131,192,267,298,310,217,175,129,98,85,70,90,107,146,216,299,1286],"bins":[-31.6514892578125,-30.66238021850586,-29.67327117919922,-28.684162139892578,-27.695053100585938,-26.705944061279297,-25.716835021972656,-24.727725982666016,-23.738616943359375,-22.749507904052734,-21.760398864746094,-20.771289825439453,-19.782180786132812,-18.793071746826172,-17.80396270751953,-16.81485366821289,-15.82574462890625,-14.83663558959961,-13.847526550292969,-12.858417510986328,-11.869308471679688,-10.880199432373047,-9.891090393066406,-8.901981353759766,-7.912872791290283,-6.923763751983643,-5.934654712677002,-4.945545673370361,-3.9564363956451416,-2.967327356338501,-1.97821843624115,-0.9891093969345093,-3.576278118089249e-07]},"avg_reward":1.07196044921875,"ppo/policy/approxkl":0.009022895246744156,"objective/entropy":133.35177612304688,"env/reward_mean":1.07196044921875,"_timestamp":1.7409621865985932e+09,"tokens/queries_len_mean":195.375,"objective/kl_dist":[-0.03617165982723236,-0.41535675525665283,-3.048217296600342,-0.1981804370880127,-0.1425432562828064,-2.1204276084899902,-2.200460433959961,-1.0228936672210693],"objective/ref_logprobs":{"values":[1,0,0,0,0,0,1,0,1,2,1,8,12,27,69,121,216,281,305,290,208,173,119,101,86,66,95,101,142,218,307,1281],"bins":[-31.483882904052734,-30.500011444091797,-29.51613998413086,-28.532268524169922,-27.548397064208984,-26.564525604248047,-25.58065414428711,-24.596784591674805,-23.612913131713867,-22.62904167175293,-21.645170211791992,-20.661298751831055,-19.677427291870117,-18.69355583190918,-17.709684371948242,-16.725812911987305,-15.741942405700684,-14.758070945739746,-13.774199485778809,-12.790328025817871,-11.806456565856934,-10.822585105895996,-9.838714599609375,-8.854843139648438,-7.8709716796875,-6.8871002197265625,-5.903228759765625,-4.919357776641846,-3.935486316680908,-2.95161509513855,-1.9677436351776123,-0.9838723540306091,-1.0728830375228426e-06],"_type":"histogram"},"ppo/learning_rate":1.4e-05,"objective/kl_coef":0.19961633773984078,"tokens/queries_dist":[93,251,299,193,136,95,65,431],"time/ppo/total":15.626829624176025,"reward_per_sample":-1.88671875,"ppo/val/error":3.2229409217834473,"ppo/std_scores":3.8042774200439453,"ppo/loss/policy":-0.0008177058771252632,"ppo/val/clipfrac":0.02035154215991497,"ppo/val/var_explained":-1.2897343635559082,"avg_generation_length":97,"time/ppo/calc_stats":0.03733110427856445,"ppo/policy/advantages_mean":0.00542038306593895,"ppo/policy/entropy":1.278235912322998,"ppo/loss/total":0.16045348346233368,"ppo/policy/ratio":{"_type":"histogram","values":[16868,35,12,2,2,2,0,1,0,1,0,1,0,1,0,0,0,0,0,2,0,0,0,0,0,0,0,0,0,0,0,1],"bins":[0.0014887406723573804,39.25711441040039,78.51274108886719,117.76836395263672,157.02398681640625,196.2796173095703,235.53524780273438,274.7908630371094,314.0465087890625,353.3021240234375,392.5577392578125,431.8133850097656,471.0690002441406,510.3246154785156,549.5802612304688,588.8358764648438,628.0914916992188,667.3471069335938,706.602783203125,745.8583984375,785.114013671875,824.36962890625,863.625244140625,902.880859375,942.1365356445312,981.3921508789062,1020.6477661132812,1059.9034423828125,1099.1590576171875,1138.4146728515625,1177.6702880859375,1216.9259033203125,1256.1815185546875]},"time/ppo/compute_rewards":0.0012140274047851562,"_step":246,"ppo/loss/value":1.6127119064331055,"tokens/queries_len_std":125.60475158691406,"step":12,"game_log":{"size":10328,"artifact_path":"wandb-client-artifact://m6jzt7rdo9tn65tue4z015mlq215m0fofnjjh5ocasemi04u4s0sohx8nf3qhvfgnsi4krd8l41h6i3puzjv2vjt23c0ethwct5ktzs6oonduhrmsqoewhtqgkmlt0vk/game_log.table.json","_latest_artifact_path":"wandb-client-artifact://wxdfxhfvsa8k64i1k7vlbpjju84jd01kd3jp82lqqzgbcg79hyjnja0uo40e977zbjqq2b4culnfal84ru5kky4vq5uh0rmitvtdugzpej8rbiglse4e0n3xv25y2vse:latest/game_log.table.json","path":"media/table/game_log_246_bed1ff127ebc73494920.table.json","ncols":3,"nrows":8,"_type":"table-file","sha256":"bed1ff127ebc7349492067d620f3abdcd2df0e30096d74f87f64c3d8f2758a59"},"tokens/responses_dist":[95,95,95,95,99,99,99,99],"ppo/returns/var":1.4075610637664795,"ppo/policy/advantages":{"bins":[-3.3501157760620117,-3.0472426414489746,-2.7443695068359375,-2.4414966106414795,-2.1386234760284424,-1.8357503414154053,-1.5328772068023682,-1.2300041913986206,-0.9271310567855835,-0.6242579817771912,-0.32138487696647644,-0.018511787056922913,0.2843613028526306,0.587234377861023,0.8901075124740601,1.1929805278778076,1.4958536624908447,1.7987267971038818,2.101599931716919,2.404472827911377,2.707345962524414,3.010219097137451,3.3130922317504883,3.6159653663635254,3.9188385009765625,4.2217116355896,4.524584770202637,4.827457427978516,5.130330562591553,5.43320369720459,5.736076831817627,6.038949966430664,6.341823101043701],"_type":"histogram","values":[4,0,0,28,24,40,92,200,324,700,13992,612,340,212,108,108,32,20,4,20,24,4,4,4,0,4,4,12,4,4,0,4]},"time/ppo/forward_pass":2.7979836463928223,"ppo/policy/policykl":-0.003253852017223835,"objective/kl":-1.14803147315979,"_runtime":783.332996695,"ppo/mean_non_score_reward":0.0023625344038009644,"ppo/returns/mean":-0.011063897982239723,"time/ppo/optimize_step":12.760313272476196,"env/reward_dist":[8.828125,-0.66552734375,3.21875,1.1552734375,2.345703125,-1.31640625,-3.103515625,-1.88671875],"tokens/responses_len_mean":97,"ppo/val/var":0.9912420511245728,"ppo/mean_scores":1.07196044921875,"gen_length_per_sample":99}