{"step":3,"time/ppo/compute_advantages":0.03232884407043457,"avg_generation_length":66.625,"time/ppo/compute_rewards":0.004680156707763672,"time/ppo/total":66.01209568977356,"_timestamp":1.742542868215089e+09,"_wandb":{"runtime":7320},"ppo/mean_scores":0.2572054862976074,"ppo/val/clipfrac":0.09578338265419006,"ppo/policy/advantages_mean":0.03884972259402275,"reward_per_sample":2.8125,"time/ppo/optimize_step":54.03733587265015,"tokens/queries_len_mean":191.9375,"ppo/loss/value":1.1334197521209717,"_runtime":7320.15000726,"ppo/learning_rate":1.4e-05,"ppo/val/mean":-0.5929288864135742,"tokens/queries_len_std":107.49041748046875,"time/ppo/calc_stats":0.04628133773803711,"objective/logprobs":{"bins":[-25.625,-24.82421875,-24.0234375,-23.22265625,-22.421875,-21.62109375,-20.8203125,-20.01953125,-19.21875,-18.41796875,-17.6171875,-16.81640625,-16.015625,-15.21484375,-14.4140625,-13.61328125,-12.8125,-12.01171875,-11.2109375,-10.41015625,-9.609375,-8.80859375,-8.0078125,-7.20703125,-6.40625,-5.60546875,-4.8046875,-4.00390625,-3.203125,-2.40234375,-1.6015625,-0.80078125,0],"_type":"histogram","values":[2,6,2,3,10,19,42,66,107,167,294,379,553,734,940,1022,1041,870,743,582,428,384,300,252,267,311,353,399,550,704,1029,4145]},"_step":2279,"ppo/policy/approxkl":0.014273831620812416,"env/reward_mean":0.2572054862976074,"ppo/policy/advantages":{"bins":[-3.2836804389953613,-3.0517196655273438,-2.8197591304779053,-2.5877983570098877,-2.35583758354187,-2.1238770484924316,-1.891916275024414,-1.6599555015563965,-1.4279948472976685,-1.1960341930389404,-0.9640734195709229,-0.7321127653121948,-0.500152051448822,-0.2681913375854492,-0.036230653524398804,0.1957300454378128,0.4276907444000244,0.6596514582633972,0.89161217212677,1.123572826385498,1.3555335998535156,1.5874942541122437,1.8194549083709717,2.0514156818389893,2.2833762168884277,2.5153369903564453,2.747297763824463,2.9792585372924805,3.211219072341919,3.4431798458099365,3.675140619277954,3.9071011543273926,4.13906192779541],"_type":"histogram","values":[20,32,20,64,72,120,172,244,300,440,732,1296,3084,55296,1268,884,728,592,500,288,228,176,68,76,32,20,36,4,8,8,0,8]},"objective/ref_logprobs":{"_type":"histogram","values":[2,2,5,6,3,19,31,54,81,159,241,385,549,689,844,1043,1075,919,748,651,455,376,288,284,285,304,344,411,543,706,1025,4177],"bins":[-26,-25.1875,-24.375,-23.5625,-22.75,-21.9375,-21.125,-20.3125,-19.5,-18.6875,-17.875,-17.0625,-16.25,-15.4375,-14.625,-13.8125,-13,-12.1875,-11.375,-10.5625,-9.75,-8.9375,-8.125,-7.3125,-6.5,-5.6875,-4.875,-4.0625,-3.25,-2.4375,-1.625,-0.8125,0]},"ppo/policy/policykl":-0.001003075041808188,"ppo/val/error":2.253696918487549,"ppo/returns/var":0.4874994456768036,"ppo/policy/entropy":1.3148293495178223,"ppo/loss/total":0.08054852485656738,"tokens/responses_dist":[102,102,102,102,70,70,70,70,71,71,71,71,40,40,40,40,45,45,45,45,39,39,39,39,112,112,112,112,54,54,54,54],"objective/entropy":113.2256088256836,"ppo/val/var_explained":-3.6229734420776367,"objective/kl":-0.6119799017906189,"game_log":{"_latest_artifact_path":"wandb-client-artifact://bpn4bw6oh4vlprrjaodqojrxx7qwtjjzmyfjyyn6bm0wpymz6smsir6va999atmsjspo8qyp5cztckc5by4fioivoyri4f3m3qw3acimsbclqbx7i9ca4d4an3mjh83s:latest/game_log.table.json","path":"media/table/game_log_2279_a8b0ad2a0503c8cf0bca.table.json","ncols":3,"nrows":32,"_type":"table-file","sha256":"a8b0ad2a0503c8cf0bca71f527ff4e72dd32c405733d484975c08ff37ac91b3b","size":35968,"artifact_path":"wandb-client-artifact://xelj3loys7o5t2o6yq8po1ofzaoljovxb8ldup5ikpyh32n1bnjkz3g7ohsk7qvpn1om33svsyyys4saqmuhdddoexq2ooej4x9ju4abiti43aui71sqk2de4gfs57u5/game_log.table.json"},"objective/kl_coef":0.19961624570757125,"ppo/loss/policy":-0.03279343992471695,"ppo/returns/mean":-0.24473169445991516,"objective/kl_dist":[0.7858780026435852,-1.030086636543274,0.7760815620422363,-2.694589614868164,0.033156633377075195,-2.884223461151123,-1.5632421970367432,1.6352918148040771,-3.14656400680542,-1.7054587602615356,-1.7310744524002075,1.5576571226119995,-0.8463366627693176,-0.22205476462841034,-0.8892416954040527,1.6959197521209717,-2.2794575691223145,-0.18245279788970947,-0.028421714901924133,-2.402780294418335,-0.46160781383514404,-0.07039789855480194,-1.9030859470367432,-1.5452643632888794,-0.5193710923194885,0.4032541513442993,2.4557371139526367,-0.9483828544616699,1.2274526357650757,-1.5527994632720947,-1.74529230594635,0.1984013020992279],"ppo/mean_non_score_reward":0.0018335627391934395,"ppo/val/var":1.4040114879608154,"tokens/responses_len_std":26.49376106262207,"ppo/val/vpred":-0.525130569934845,"ppo/std_scores":2.2643189430236816,"env/reward_std":2.2643189430236816,"avg_reward":0.2572054862976074,"tokens/queries_dist":[93,251,299,193,136,95,65,431,104,274,113,279,258,483,334,155,113,193,148,237,115,259,119,280,109,231,27,299,153,108,83,105],"env/reward_dist":[1.0224609375,-0.0128326416015625,-4.48046875,3.662109375,-0.9716796875,-0.1094970703125,-1.6748046875,-1.3203125,0.1322021484375,2.771484375,-2.185546875,-3.703125,0.6005859375,1.876953125,-2.513671875,0.71923828125,2.607421875,0.57666015625,-1.1875,-2.078125,0.64794921875,0.86083984375,0.353271484375,1.0458984375,-0.6875,4.63671875,0.127197265625,-1.5341796875,5.28125,2.51171875,-1.556640625,2.8125],"ppo/policy/ratio":{"_type":"histogram","values":[66791,15,1,4,1,0,0,1,0,0,0,0,0,0,1,1,0,0,0,0,0,0,0,0,0,0,0,0,0,0,0,1],"bins":[0.00012212219007778913,590.54736328125,1181.0946044921875,1771.641845703125,2362.18896484375,2952.736328125,3543.283447265625,4133.83056640625,4724.3779296875,5314.92529296875,5905.47265625,6496.01953125,7086.56689453125,7677.1142578125,8267.6611328125,8858.208984375,9448.755859375,10039.302734375,10629.8505859375,11220.3974609375,11810.9453125,12401.4921875,12992.0390625,13582.5869140625,14173.1337890625,14763.6806640625,15354.228515625,15944.775390625,16535.322265625,17125.869140625,17716.41796875,18306.96484375,18897.51171875]},"ppo/policy/clipfrac":0.08410312980413437,"time/ppo/forward_pass":11.891387224197388,"gen_length_per_sample":54,"tokens/responses_len_mean":66.625}