{"tokens/responses_dist":[573,573,573,573,611,611,611,611],"time/ppo/compute_advantages":0.05548095703125,"env/reward_std":0.8302159905433655,"_wandb":{"runtime":3660},"time/ppo/forward_pass":3.17324161529541,"ppo/val/vpred":-0.6735010147094727,"objective/kl_dist":[-3.520787477493286,-3.4341111183166504,-8.999921798706055,-11.042862892150879,0.9715314507484436,4.676030158996582,-10.354233741760254,-20.93832778930664],"reward_per_sample":0.355712890625,"ppo/returns/mean":-0.6555976867675781,"env/reward_dist":[-0.814453125,-1.271484375,-2.3125,-1.40234375,-1.5380859375,-0.169189453125,-1.1640625,0.355712890625],"time/ppo/total":20.77505874633789,"ppo/val/clipfrac":0.014106741175055504,"ppo/learning_rate":1.4e-05,"env/reward_mean":-1.03955078125,"ppo/policy/policykl":-0.00031840812880545855,"ppo/mean_scores":-1.03955078125,"time/ppo/optimize_step":17.486404180526733,"ppo/val/var_explained":-11.224725723266602,"step":9,"ppo/policy/clipfrac":0.028460107743740082,"_timestamp":1.7410455286151776e+09,"ppo/loss/total":0.08944463729858398,"ppo/val/var":1.6964905261993408,"ppo/policy/advantages":{"bins":[-4.133421421051025,-3.917635440826416,-3.7018496990203857,-3.4860639572143555,-3.270277976989746,-3.0544919967651367,-2.8387062549591064,-2.622920513153076,-2.407134532928467,-2.1913485527038574,-1.9755628108978271,-1.7597769498825073,-1.5439910888671875,-1.3282052278518677,-1.1124193668365479,-0.896633505821228,-0.6808476448059082,-0.4650617837905884,-0.24927592277526855,-0.03349006175994873,0.1822957992553711,0.3980816602706909,0.6138675212860107,0.8296533823013306,1.0454392433166504,1.2612251043319702,1.47701096534729,1.6927968263626099,1.9085826873779297,2.124368667602539,2.3401544094085693,2.5559401512145996,2.771726131439209],"_type":"histogram","values":[4,36,64,52,100,132,100,104,120,152,240,268,412,420,624,920,1240,1748,3672,11516,2152,1880,1852,1188,724,440,276,176,132,80,96,24]},"ppo/loss/value":0.8391187191009521,"ppo/policy/ratio":{"_type":"histogram","values":[30934,6,0,3,0,0,0,0,0,0,0,0,0,0,0,0,0,0,0,0,0,0,0,0,0,0,0,0,0,0,0,1],"bins":[0.0005457593942992389,111.48324584960938,222.96595764160156,334.4486389160156,445.9313659667969,557.4140625,668.8967895507812,780.3794555664062,891.8621826171875,1003.3448486328125,1114.8275146484375,1226.310302734375,1337.79296875,1449.275634765625,1560.7584228515625,1672.2410888671875,1783.7237548828125,1895.20654296875,2006.689208984375,2118.171875,2229.654541015625,2341.13720703125,2452.6201171875,2564.102783203125,2675.58544921875,2787.068115234375,2898.55078125,3010.033447265625,3121.51611328125,3232.9990234375,3344.481689453125,3455.96435546875,3567.447021484375]},"ppo/std_scores":0.8302159905433655,"objective/kl_coef":0.19971218425120366,"avg_reward":-1.03955078125,"objective/ref_logprobs":{"_type":"histogram","values":[2,3,3,11,11,22,31,54,57,87,121,136,123,133,127,121,92,80,73,63,69,78,68,78,109,143,181,215,266,357,448,4374],"bins":[-20.363792419433594,-19.72742462158203,-19.091054916381836,-18.454687118530273,-17.818317413330078,-17.181949615478516,-16.545581817626953,-15.909213066101074,-15.272844314575195,-14.636475563049316,-14.000106811523438,-13.363739013671875,-12.727370262145996,-12.091001510620117,-11.454633712768555,-10.818264961242676,-10.181896209716797,-9.545527458190918,-8.909158706665039,-8.272790908813477,-7.636422157287598,-7.000053405761719,-6.363685131072998,-5.727316856384277,-5.090948104858398,-4.4545793533325195,-3.818211078643799,-3.181842565536499,-2.545474052429199,-1.9091055393218994,-1.2727370262145996,-0.6363685131072998,0]},"ppo/val/mean":-0.6869982481002808,"ppo/val/error":1.6759605407714844,"tokens/queries_len_mean":218.25,"game_log":{"size":30346,"artifact_path":"wandb-client-artifact://sswbq2s7k4ckyl2xjzy2ae1nml8yv0y23yyp1yxeil1q84vcd1jovaxdyyns4vo9u4jhfaibmy3pl8nw9r2jmk45tlm6110365mfu7bsdn8wvmj0n575x7z40b2nk4xe/game_log.table.json","_latest_artifact_path":"wandb-client-artifact://62vr20q6zba223rjj686k2hpg2eoa98j3rht6sp97v1sj944odktuoppodmndp29i56rgalmai7xo4l268qypaeuvknk055fpthg7n8ukgwbyfji5fk5p0ytj0my3uyo:latest/game_log.table.json","path":"media/table/game_log_189_fae1034d5974f5c8d11a.table.json","ncols":3,"nrows":8,"_type":"table-file","sha256":"fae1034d5974f5c8d11a0e21e912e74775ced7d10743fe7bc509ce76a5d4887a"},"ppo/policy/advantages_mean":-0.0001724994508549571,"ppo/policy/approxkl":0.005496634170413017,"avg_generation_length":592,"gen_length_per_sample":611,"tokens/queries_dist":[333,395,238,154,146,257,70,153],"_runtime":3567.659826502,"time/ppo/compute_rewards":0.0012187957763671875,"ppo/returns/var":0.13709595799446106,"ppo/policy/entropy":0.800946831703186,"objective/entropy":514.63818359375,"tokens/responses_len_mean":592,"objective/logprobs":{"_type":"histogram","values":[2,2,4,11,15,15,31,57,59,87,102,141,129,142,118,119,89,103,64,65,72,73,63,80,114,133,195,209,279,344,448,4371],"bins":[-20.385364532470703,-19.748321533203125,-19.111278533935547,-18.4742374420166,-17.837194442749023,-17.200151443481445,-16.563108444213867,-15.926066398620605,-15.289023399353027,-14.65198040008545,-14.014938354492188,-13.37789535522461,-12.740852355957031,-12.10381031036377,-11.466767311096191,-10.82972526550293,-10.192682266235352,-9.555639266967773,-8.918597221374512,-8.281554222106934,-7.644511699676514,-7.007469177246094,-6.370426177978516,-5.733383655548096,-5.096341133117676,-4.459298610687256,-3.822255849838257,-3.185213088989258,-2.548170566558838,-1.9111279249191284,-1.274085283279419,-0.6370426416397095,0]},"tokens/queries_len_std":108.1556396484375,"ppo/mean_non_score_reward":0.0022198872175067663,"time/ppo/calc_stats":0.05852937698364258,"objective/kl":-6.58033561706543,"tokens/responses_len_std":20.31185531616211,"_step":189,"ppo/loss/policy":0.005532767158001661}