{"objective/entropy":143.056884765625,"objective/kl":-0.8089644312858582,"env/reward_mean":-0.38336181640625,"time/ppo/total":15.19626760482788,"objective/ref_logprobs":{"bins":[-22.93731689453125,-22.22052574157715,-21.50373649597168,-20.786945343017578,-20.070154190063477,-19.353363037109375,-18.636573791503906,-17.919782638549805,-17.202991485595703,-16.4862003326416,-15.769410133361816,-15.052619934082031,-14.33582878112793,-13.619038581848145,-12.902247428894043,-12.185457229614258,-11.468666076660156,-10.751875877380371,-10.03508472442627,-9.318294525146484,-8.601503372192383,-7.8847126960754395,-7.167922019958496,-6.451131343841553,-5.734340667724609,-5.017549991607666,-4.300759315490723,-3.5839686393737793,-2.867177963256836,-2.1503872871398926,-1.4335967302322388,-0.7168060541152954,-1.537788011773955e-05],"_type":"histogram","values":[2,2,4,8,9,12,22,36,63,93,142,132,140,167,147,98,89,76,84,59,55,64,46,67,94,79,109,135,168,224,247,831]},"ppo/val/var":1.409055233001709,"ppo/val/var_explained":-3.2094979286193848,"ppo/returns/mean":-0.8116270899772644,"tokens/queries_len_std":97.14486694335938,"reward_per_sample":0.67578125,"time/ppo/optimize_step":12.27994704246521,"ppo/policy/approxkl":0.007787969894707203,"ppo/policy/policykl":-0.004042778629809618,"ppo/returns/var":0.496978223323822,"avg_generation_length":95,"ppo/policy/ratio":{"bins":[0.0002453323395457119,344.73223876953125,689.4642333984375,1034.1961669921875,1378.92822265625,1723.66015625,2068.39208984375,2413.124267578125,2757.856201171875,3102.588134765625,3447.320068359375,3792.052001953125,4136.7841796875,4481.51611328125,4826.248046875,5170.97998046875,5515.7119140625,5860.44384765625,6205.17578125,6549.908203125,6894.64013671875,7239.3720703125,7584.10400390625,7928.8359375,8273.568359375,8618.2998046875,8963.0322265625,9307.763671875,9652.49609375,9997.2275390625,10341.9599609375,10686.69140625,11031.423828125],"_type":"histogram","values":[14004,5,3,1,0,0,0,1,0,0,0,0,0,0,0,0,0,0,0,1,0,0,0,0,0,0,0,0,0,0,0,1]},"_runtime":115.534493551,"tokens/responses_len_std":17.104719161987305,"ppo/val/vpred":-1.034662127494812,"tokens/queries_len_mean":167.375,"gen_length_per_sample":79,"objective/kl_coef":0.199968,"_step":37,"time/ppo/compute_advantages":0.02558588981628418,"ppo/val/mean":-1.057210922241211,"ppo/val/error":2.092028856277466,"tokens/responses_dist":[111,111,111,111,79,79,79,79],"ppo/mean_scores":-0.38336181640625,"step":1,"time/ppo/forward_pass":2.856051206588745,"ppo/learning_rate":1.4e-05,"ppo/policy/advantages_mean":0.055668242275714874,"time/ppo/compute_rewards":0.001295328140258789,"tokens/responses_len_mean":95,"tokens/queries_dist":[172,196,121,82,36,360,205,167],"ppo/std_scores":2.197481632232666,"ppo/policy/clipfrac":0.04683401435613632,"objective/logprobs":{"values":[4,3,3,9,14,21,36,78,91,123,115,161,158,115,117,112,80,74,59,54,53,47,48,65,88,93,108,136,162,222,240,815],"bins":[-21.984638214111328,-21.297618865966797,-20.610599517822266,-19.923580169677734,-19.236560821533203,-18.549541473388672,-17.862520217895508,-17.175500869750977,-16.488481521606445,-15.801462173461914,-15.114442825317383,-14.427423477172852,-13.74040412902832,-13.053384780883789,-12.366365432739258,-11.67934513092041,-10.992325782775879,-10.305306434631348,-9.618287086486816,-8.931267738342285,-8.244247436523438,-7.5572285652160645,-6.870208740234375,-6.183189392089844,-5.4961700439453125,-4.809150218963623,-4.122130870819092,-3.4351112842559814,-2.748091697692871,-2.06107234954834,-1.3740527629852295,-0.6870332360267639,-1.3708974620385561e-05],"_type":"histogram"},"ppo/policy/entropy":1.3636913299560547,"ppo/policy/advantages":{"_type":"histogram","values":[4,16,12,20,8,24,48,60,72,104,148,196,280,456,948,10028,264,272,224,252,176,96,108,84,40,32,20,0,8,4,4,8],"bins":[-3.2725069522857666,-3.0678515434265137,-2.8631961345672607,-2.658540964126587,-2.453885555267334,-2.249230146408081,-2.044574737548828,-1.8399194478988647,-1.6352640390396118,-1.4306086301803589,-1.2259533405303955,-1.0212979316711426,-0.8166425824165344,-0.6119872331619263,-0.4073318541049957,-0.20267648994922638,0.0019788742065429688,0.20663423836231232,0.41128960251808167,0.6159449815750122,0.8206003308296204,1.0252556800842285,1.2299110889434814,1.4345663785934448,1.6392217874526978,1.8438771963119507,2.048532485961914,2.253187894821167,2.45784330368042,2.662498712539673,2.8671538829803467,3.0718092918395996,3.2764647006988525]},"_timestamp":1.740762307533502e+09,"_wandb":{"runtime":115},"ppo/val/clipfrac":0.012248403392732143,"game_log":{"artifact_path":"wandb-client-artifact://s3qvmwuc9ylm81y00trmzm4xxcicxpulccatlfpi7sk2fcgg1o04wwynkh3phe9ylswakc8vllxcvi7vvmxia8rhjojq2nvnh4q84u80bl5kk4nz8hy5y7dz6e1wns01/game_log.table.json","_latest_artifact_path":"wandb-client-artifact://9wisu3i8qzhstppa5ho0kxkrs6yuto1fr4x5t69cz4vzit1wy3ilx3kqawdfb6194aqr8vh6bvu9gt8kwh7bgeaz02r5aylkxnkyqexgor4xjd7qqr2nh4y92qyk7xce:latest/game_log.table.json","path":"media/table/game_log_37_462d876068a37987d338.table.json","ncols":3,"nrows":8,"_type":"table-file","sha256":"462d876068a37987d3388ba554e36895ec53c34217bb35e7890bb2fdbb2aa455","size":9954},"env/reward_dist":[-3.6015625,-1.453125,-2.12109375,-1.18359375,2.15234375,-0.48095703125,2.9453125,0.67578125],"ppo/loss/total":0.055316369980573654,"env/reward_std":2.197481632232666,"objective/kl_dist":[0.9336459040641785,2.15095853805542,-3.5225419998168945,-5.385242462158203,-1.0725791454315186,-1.136491298675537,0.46723759174346924,1.0932974815368652],"ppo/loss/policy":-0.04937393590807915,"time/ppo/calc_stats":0.0332636833190918,"ppo/loss/value":1.0469030141830444,"avg_reward":-0.38336181640625,"ppo/mean_non_score_reward":0.0017028102884069085}