{"ppo/learning_rate":1.4e-05,"ppo/policy/advantages":{"_type":"histogram","values":[4,4,12,8,36,20,120,132,228,408,748,11072,288,164,200,132,108,100,96,48,44,28,8,8,12,0,4,4,8,0,0,4],"bins":[-2.898726463317871,-2.6763522624969482,-2.4539780616760254,-2.2316038608551025,-2.0092296600341797,-1.7868554592132568,-1.564481258392334,-1.3421070575714111,-1.1197328567504883,-0.8973586559295654,-0.6749844551086426,-0.4526102542877197,-0.23023605346679688,-0.007861852645874023,0.21451234817504883,0.4368865489959717,0.6592607498168945,0.8816349506378174,1.1040091514587402,1.326383352279663,1.548757553100586,1.7711317539215088,1.9935059547424316,2.2158801555633545,2.4382543563842773,2.6606285572052,2.883002758026123,3.105376958847046,3.3277511596679688,3.5501253604888916,3.7724995613098145,3.9948737621307373,4.21724796295166]},"ppo/std_scores":2.5823111534118652,"_step":56,"tokens/responses_len_mean":59.5,"ppo/returns/mean":-0.2943764925003052,"time/ppo/compute_advantages":0.025934219360351562,"ppo/policy/approxkl":0.008905462920665741,"ppo/returns/var":0.8970953226089478,"time/ppo/compute_rewards":0.0013141632080078125,"ppo/loss/total":0.14321869611740112,"time/ppo/calc_stats":0.030626773834228516,"env/reward_dist":[0.53564453125,-3.447265625,2.138671875,2.001953125,1.68359375,2.470703125,-1.255859375,5.10546875],"ppo/val/clipfrac":0.016836734488606453,"ppo/val/var_explained":-3.291724681854248,"gen_length_per_sample":49,"ppo/loss/value":1.9264034032821655,"objective/kl_dist":[-1.622408390045166,-0.95155930519104,1.602653980255127,1.6845519542694092,1.1711807250976562,-0.9037625193595886,-0.0830768346786499,0.28507930040359497],"tokens/responses_dist":[70,70,70,70,49,49,49,49],"ppo/policy/advantages_mean":0.052313994616270065,"ppo/val/vpred":-1.0538420677185059,"_timestamp":1.7410614382491434e+09,"objective/kl_coef":0.19993600512,"env/reward_mean":1.15411376953125,"avg_reward":1.15411376953125,"ppo/mean_scores":1.15411376953125,"ppo/val/mean":-1.0731165409088135,"avg_generation_length":59.5,"ppo/mean_non_score_reward":-0.0004967563436366618,"objective/entropy":111.9962387084961,"time/ppo/forward_pass":2.822432279586792,"ppo/policy/policykl":-0.003703783731907606,"time/ppo/total":15.988003253936768,"env/reward_std":2.5823111534118652,"tokens/queries_len_std":123.4547348022461,"ppo/loss/policy":-0.04942166060209274,"ppo/val/var":1.7305312156677246,"_runtime":162.923197183,"step":2,"_wandb":{"runtime":187},"objective/logprobs":{"values":[1,1,1,4,6,5,7,15,34,47,81,106,160,171,174,181,173,147,116,84,60,48,59,57,59,68,70,108,137,187,221,924],"bins":[-24.00529670715332,-23.255130767822266,-22.50496482849121,-21.75480079650879,-21.004634857177734,-20.25446891784668,-19.504302978515625,-18.754138946533203,-18.00397300720215,-17.253807067871094,-16.50364112854004,-15.7534761428833,-15.003311157226562,-14.253145217895508,-13.50298023223877,-12.752814292907715,-12.002649307250977,-11.252483367919922,-10.502318382263184,-9.752152442932129,-9.00198745727539,-8.251821517944336,-7.5016560554504395,-6.751490592956543,-6.0013251304626465,-5.25115966796875,-4.5009942054748535,-3.750828742980957,-3.0006632804870605,-2.250497817993164,-1.5003323554992676,-0.7501668930053711,-1.4305104514278355e-06],"_type":"histogram"},"objective/ref_logprobs":{"values":[1,3,4,9,9,18,22,44,63,105,125,164,177,178,173,136,104,103,66,50,64,46,55,62,56,65,74,98,136,180,220,902],"bins":[-22.178056716918945,-21.48499298095703,-20.791929244995117,-20.09886360168457,-19.405799865722656,-18.712736129760742,-18.019672393798828,-17.32660675048828,-16.633543014526367,-15.940479278564453,-15.247414588928223,-14.554350852966309,-13.861286163330078,-13.168222427368164,-12.475157737731934,-11.78209400177002,-11.089029312133789,-10.395965576171875,-9.702900886535645,-9.00983715057373,-8.3167724609375,-7.623708248138428,-6.930644512176514,-6.237580299377441,-5.544516086578369,-4.851451873779297,-4.158387660980225,-3.4653232097625732,-2.772258996963501,-2.0791947841644287,-1.386130690574646,-0.6930664777755737,-2.264974000354414e-06],"_type":"histogram"},"objective/kl":0.14783236384391785,"tokens/queries_dist":[295,214,259,42,109,88,84,391],"time/ppo/optimize_step":13.107532024383545,"game_log":{"ncols":3,"nrows":8,"_type":"table-file","sha256":"0781434b91adbee0baba6361280c882a86fd53a720356da21e30aa177f3ce088","size":8482,"artifact_path":"wandb-client-artifact://2n7nivj5jd2mpp1jmserfhvhunqgbfj7fn9ygw4ekkopsxs8x51s8kilrd2kf7ah578bzrwmm6khiye1aph84r7c4pup4jlsv3f1hbhoyu0sd63fpedsnxh7mimdgs6g/game_log.table.json","_latest_artifact_path":"wandb-client-artifact://l4xnn6ef1iat5fetu2lkjdmkz5nxxc8d14e8aqaon2rfc4d49r33fru3cuz2uhzdmyrt8qktbjmgeucqmbzb7k8ewlcu1dgd51sy14x33d8vcj6jetn8l6l5t1aju1pj:latest/game_log.table.json","path":"media/table/game_log_56_0781434b91adbee0baba.table.json"},"ppo/policy/clipfrac":0.05082908272743225,"reward_per_sample":5.10546875,"ppo/policy/entropy":1.7381327152252197,"tokens/queries_len_mean":185.25,"ppo/val/error":3.850086212158203,"tokens/responses_len_std":11.224971771240234,"ppo/policy/ratio":{"bins":[0.0006027660565450788,67.3813247680664,134.7620391845703,202.14276123046875,269.5234680175781,336.9042053222656,404.284912109375,471.6656188964844,539.0463256835938,606.4270629882812,673.8078002929688,741.1884765625,808.5692138671875,875.949951171875,943.3306884765625,1010.7113647460938,1078.092041015625,1145.4727783203125,1212.853515625,1280.2342529296875,1347.614990234375,1414.9957275390625,1482.37646484375,1549.757080078125,1617.1378173828125,1684.5185546875,1751.8992919921875,1819.280029296875,1886.6607666015625,1954.0413818359375,2021.422119140625,2088.802978515625,2156.18359375],"_type":"histogram","values":[14005,23,8,3,1,0,1,3,0,0,0,0,0,0,1,0,0,0,1,0,0,1,0,0,0,0,0,0,0,0,0,1]}}