{"ppo/loss/value":2.0496835708618164,"_wandb":{"runtime":189},"ppo/val/vpred":-0.8004844188690186,"time/ppo/calc_stats":0.030727863311767578,"ppo/mean_scores":1.1998291015625,"ppo/policy/advantages":{"bins":[-3.376734972000122,-3.1456284523010254,-2.9145219326019287,-2.683415412902832,-2.4523086547851562,-2.2212021350860596,-1.990095615386963,-1.7589890956878662,-1.5278825759887695,-1.2967759370803833,-1.0656694173812866,-0.8345628380775452,-0.6034562587738037,-0.37234973907470703,-0.14124317467212677,0.0898633822798729,0.32096993923187256,0.552076518535614,0.7831830382347107,1.0142896175384521,1.2453961372375488,1.476502776145935,1.7076092958450317,1.9387158155441284,2.1698224544525146,2.4009289741516113,2.632035493850708,2.8631420135498047,3.0942485332489014,3.325355291366577,3.556461811065674,3.7875683307647705,4.018674850463867],"_type":"histogram","values":[4,4,8,4,12,20,32,36,28,76,148,408,1360,10852,252,200,156,96,84,92,44,40,28,16,8,8,8,8,0,12,0,4]},"ppo/val/error":4.09451961517334,"ppo/val/var":2.262622356414795,"tokens/queries_len_mean":185.25,"_timestamp":1.7407641588087106e+09,"time/ppo/total":16.421773433685303,"ppo/policy/clipfrac":0.05758928507566452,"env/reward_dist":[1.384765625,-2.0625,0.01318359375,-0.66552734375,0.798828125,1.8701171875,5.859375,2.400390625],"ppo/std_scores":2.37027645111084,"reward_per_sample":2.400390625,"avg_reward":1.1998291015625,"objective/kl_dist":[-0.3208858072757721,-2.6706464290618896,-1.0251692533493042,-1.5603234767913818,0.4636462330818176,-0.8320240378379822,1.5505146980285645,-0.8886152505874634],"ppo/val/mean":-0.8259371519088745,"ppo/loss/total":0.16545921564102173,"objective/ref_logprobs":{"_type":"histogram","values":[1,0,0,0,1,1,4,8,10,13,13,25,42,60,105,140,206,212,225,193,137,115,82,65,65,63,82,72,143,159,256,1014],"bins":[-27.938068389892578,-27.065004348754883,-26.191938400268555,-25.31887435913086,-24.445810317993164,-23.57274627685547,-22.69968032836914,-21.826616287231445,-20.95355224609375,-20.080488204956055,-19.207422256469727,-18.33435821533203,-17.461294174194336,-16.588228225708008,-15.715164184570312,-14.842100143432617,-13.969035148620605,-13.09597110748291,-12.222906112670898,-11.349842071533203,-10.476777076721191,-9.60371208190918,-8.730648040771484,-7.857583522796631,-6.984519004821777,-6.111454010009766,-5.238389492034912,-4.365324974060059,-3.492260456085205,-2.6191959381103516,-1.746131420135498,-0.8730668425559998,-2.264974000354414e-06]},"ppo/policy/policykl":-0.00480382377281785,"ppo/policy/entropy":1.322035789489746,"time/ppo/compute_advantages":0.027739524841308594,"ppo/mean_non_score_reward":0.0022192492615431547,"objective/kl_coef":0.19993600512,"ppo/policy/advantages_mean":0.04401789605617523,"ppo/policy/approxkl":0.010171209461987019,"tokens/queries_dist":[295,214,259,42,109,88,84,391],"time/ppo/compute_rewards":0.0013766288757324219,"tokens/responses_len_mean":59.5,"time/ppo/optimize_step":13.338531017303467,"ppo/returns/var":0.6810534000396729,"ppo/learning_rate":1.4e-05,"objective/logprobs":{"_type":"histogram","values":[2,0,0,2,1,0,2,2,5,11,17,26,29,48,77,118,177,168,226,227,173,143,103,70,79,74,76,76,144,149,252,1035],"bins":[-28.969308853149414,-28.06401824951172,-27.158727645874023,-26.253437042236328,-25.348146438598633,-24.442853927612305,-23.53756332397461,-22.632272720336914,-21.72698211669922,-20.821691513061523,-19.916400909423828,-19.011110305786133,-18.105819702148438,-17.20052719116211,-16.295236587524414,-15.389945983886719,-14.484655380249023,-13.579364776611328,-12.674074172973633,-11.768783569335938,-10.863492012023926,-9.95820140838623,-9.052910804748535,-8.14762020111084,-7.242329120635986,-6.337038040161133,-5.4317474365234375,-4.526456356048584,-3.6211657524108887,-2.7158749103546143,-1.8105840682983398,-0.9052932262420654,-2.3841830625315197e-06]},"ppo/returns/mean":-0.08685439079999924,"tokens/responses_len_std":11.224971771240234,"objective/kl":-0.6604379415512085,"ppo/loss/policy":-0.03950915485620499,"env/reward_std":2.37027645111084,"time/ppo/forward_pass":3.0232367515563965,"tokens/queries_len_std":123.4547348022461,"ppo/val/var_explained":-5.0120391845703125,"_step":56,"tokens/responses_dist":[70,70,70,70,49,49,49,49],"gen_length_per_sample":49,"_runtime":171.169309885,"avg_generation_length":59.5,"step":2,"ppo/val/clipfrac":0.0345025509595871,"objective/entropy":96.50189208984375,"ppo/policy/ratio":{"values":[14045,0,1,1,0,0,0,0,0,0,0,0,0,0,0,0,0,0,0,0,0,0,0,0,0,0,0,0,0,0,0,1],"bins":[0.0007422546623274684,43615.91796875,87231.8359375,130847.7578125,174463.671875,218079.59375,261695.515625,305311.4375,348927.34375,392543.25,436159.1875,479775.09375,523391.03125,567006.9375,610622.875,654238.75,697854.6875,741470.625,785086.5,828702.4375,872318.375,915934.25,959550.1875,1.003166125e+06,1.0467820625e+06,1.090398e+06,1.134013875e+06,1.17762975e+06,1.22124575e+06,1.264861625e+06,1.3084775e+06,1.3520935e+06,1.395709375e+06],"_type":"histogram"},"game_log":{"path":"media/table/game_log_56_a3a9828223dcd64999d3.table.json","ncols":3,"nrows":8,"_type":"table-file","sha256":"a3a9828223dcd64999d3176c022601d62f90c61b9c47805a9bb904d65263eb50","size":8023,"artifact_path":"wandb-client-artifact://psxq4moty0x4whc0gy4usdtf2euiiof2k2hxq43djgtgcbpifnvst1cpk8k70o6kvv7ishofu19mr8ihsvjj5h4bkro6fv9z3c597gfic2cvqxfd4j573abjwp8gwmw4/game_log.table.json","_latest_artifact_path":"wandb-client-artifact://mqfg7qfesk55vzqbewpreypsfwzfqlho3rt9xrd5046njzy32sx3xxs603rloryl2ay6f562wpvix4zyvwmhdog9iatzvgvrkv6ojdc3iied3gszr0dd1ugnwomv26ti:latest/game_log.table.json"},"env/reward_mean":1.1998291015625}