{"step":5,"tokens/queries_len_std":108.08322143554688,"env/reward_dist":[0.7353515625,1.5771484375,0.60205078125,-2.361328125,-1.728515625,-2.87109375,0.669921875,-3.4296875],"objective/logprobs":{"values":[1,0,5,11,4,6,19,23,32,36,56,52,81,98,136,163,215,202,189,162,125,80,66,65,59,84,95,126,164,370,331,992],"bins":[-27.149221420288086,-26.30080795288086,-25.452394485473633,-24.60398292541504,-23.755569458007812,-22.907155990600586,-22.05874252319336,-21.210330963134766,-20.36191749572754,-19.513504028320312,-18.665090560913086,-17.81667709350586,-16.968265533447266,-16.11985206604004,-15.271438598632812,-14.423026084899902,-13.574612617492676,-12.72619915008545,-11.877786636352539,-11.029373168945312,-10.180960655212402,-9.332547187805176,-8.484134674072266,-7.635721206665039,-6.787308216094971,-5.938895225524902,-5.090482234954834,-4.242068767547607,-3.393656015396118,-2.5452427864074707,-1.6968297958374023,-0.8484167456626892,-3.6954811548639555e-06],"_type":"histogram"},"_step":113,"ppo/loss/value":0.9572035074234009,"time/ppo/calc_stats":0.032570838928222656,"ppo/policy/approxkl":0.02973104454576969,"_timestamp":1.7425346022943835e+09,"ppo/returns/mean":-0.7876263856887817,"ppo/val/vpred":-0.5824127197265625,"ppo/policy/advantages_mean":-0.05289585888385773,"env/reward_mean":-0.85076904296875,"avg_reward":-0.85076904296875,"ppo/val/error":1.9040307998657227,"ppo/loss/policy":0.07502158731222153,"avg_generation_length":96.5,"objective/entropy":309.31134033203125,"ppo/policy/policykl":0.017270177602767944,"ppo/std_scores":1.9500370025634766,"tokens/responses_len_mean":96.5,"objective/ref_logprobs":{"_type":"histogram","values":[1,1,6,7,10,10,11,20,22,37,57,66,66,99,137,178,203,215,185,149,119,96,72,55,62,80,96,124,176,366,325,997],"bins":[-27.21634292602539,-26.36583137512207,-25.515321731567383,-24.664810180664062,-23.814300537109375,-22.963788986206055,-22.113279342651367,-21.262767791748047,-20.41225814819336,-19.56174659729004,-18.71123695373535,-17.86072540283203,-17.010215759277344,-16.159704208374023,-15.309194564819336,-14.458683967590332,-13.608173370361328,-12.757662773132324,-11.90715217590332,-11.056641578674316,-10.206130981445312,-9.355620384216309,-8.505109786987305,-7.654599189758301,-6.804088592529297,-5.953577995300293,-5.103067398071289,-4.252556800842285,-3.402045965194702,-2.5515353679656982,-1.7010247707366943,-0.8505141735076904,-3.576272320060525e-06]},"ppo/policy/advantages":{"bins":[-3.624814748764038,-3.4317708015441895,-3.23872709274292,-3.0456831455230713,-2.8526391983032227,-2.659595251083374,-2.4665513038635254,-2.273507595062256,-2.0804636478424072,-1.8874197006225586,-1.6943758726119995,-1.5013320446014404,-1.3082880973815918,-1.1152441501617432,-0.9222003221511841,-0.7291564345359802,-0.5361125469207764,-0.3430686593055725,-0.15002477169036865,0.043019115924835205,0.23606300354003906,0.4291068911552429,0.6221507787704468,0.8151946663856506,1.0082385540008545,1.2012825012207031,1.3943263292312622,1.5873701572418213,1.78041410446167,1.9734580516815186,2.166501998901367,2.3595457077026367,2.5525896549224854],"_type":"histogram","values":[4,4,4,8,12,12,32,32,28,44,60,48,88,112,180,248,360,440,1144,12028,216,216,224,176,120,136,100,40,32,20,20,4]},"objective/kl_dist":[-0.8001039028167725,-0.08245918154716492,-0.8587888479232788,-0.13278043270111084,14.691308975219727,3.7083466053009033,-1.5459012985229492,-2.7031474113464355],"env/reward_std":1.9500370025634766,"ppo/mean_scores":-0.85076904296875,"reward_per_sample":-3.4296875,"ppo/val/mean":-0.6071624755859375,"ppo/mean_non_score_reward":-0.0031778900884091854,"game_log":{"path":"media/table/game_log_113_cfb4076e5c077ddf6981.table.json","ncols":3,"nrows":8,"_type":"table-file","sha256":"cfb4076e5c077ddf6981032c3c1457a641eeb828646ed63fa5d304d99317be2d","size":10010,"artifact_path":"wandb-client-artifact://by73r1mqxjua5k0j1l0rtcr1wo39dcidoobumw2efeyvkbez1bf8pzyrh2btkkzbmh0kpkuxdq27fkjtcqt3wqtgmeorl7qamgralbxa6lq2dt2ss82bnp7xea7xex8r/game_log.table.json","_latest_artifact_path":"wandb-client-artifact://q91puog0qewgj3xomaive9knvclkdthpejxflnl88utlc5gktyntyx7ssiabyjr11d6uywuczq87kgtuktfo4y0dir82hlqkfqfwkb0bk24s1qlvn8ee1qjj63m1my20:latest/game_log.table.json"},"ppo/loss/total":0.1707419455051422,"time/ppo/optimize_step":13.442301988601685,"time/ppo/compute_advantages":0.030429363250732422,"ppo/val/var":1.414591670036316,"time/ppo/total":16.483444929122925,"time/ppo/compute_rewards":0.0012965202331542969,"ppo/policy/clipfrac":0.08398304879665375,"ppo/policy/ratio":{"_type":"histogram","values":[16172,8,4,1,1,2,1,1,0,0,1,0,0,0,0,0,0,0,0,0,0,0,0,0,0,0,0,0,0,0,0,1],"bins":[1.7718373783282004e-05,133.0098876953125,266.019775390625,399.0296325683594,532.0394897460938,665.0493774414062,798.0592651367188,931.069091796875,1064.0789794921875,1197.0888671875,1330.0987548828125,1463.108642578125,1596.1185302734375,1729.1282958984375,1862.13818359375,1995.1480712890625,2128.157958984375,2261.167724609375,2394.177734375,2527.1875,2660.197509765625,2793.207275390625,2926.21728515625,3059.22705078125,3192.237060546875,3325.246826171875,3458.256591796875,3591.2666015625,3724.2763671875,3857.286376953125,3990.296142578125,4123.30615234375,4256.31591796875]},"tokens/queries_len_mean":210.625,"tokens/responses_len_std":22.984466552734375,"ppo/returns/var":0.3119128942489624,"gen_length_per_sample":75,"_wandb":{"runtime":484},"ppo/policy/entropy":1.586464285850525,"tokens/responses_dist":[118,118,118,118,75,75,75,75],"tokens/queries_dist":[258,105,389,214,233,152,47,287],"ppo/val/var_explained":-5.104367256164551,"time/ppo/forward_pass":2.97676420211792,"_runtime":445.095077305,"ppo/val/clipfrac":0.039004236459732056,"objective/kl":1.5345594882965088,"ppo/learning_rate":1.4e-05,"objective/kl_coef":0.19984005119180862}