{"ppo/returns/var":0.369465172290802,"ppo/val/var":1.243574857711792,"ppo/val/clipfrac":0.013816322200000286,"game_log":{"path":"media/table/game_log_303_f8a5f0dd60664bd37764.table.json","ncols":3,"nrows":8,"_type":"table-file","sha256":"f8a5f0dd60664bd37764b9ea56db2dfef7e2e59f9275b1348892c44c479b035e","size":11027,"artifact_path":"wandb-client-artifact://zh6ugs2f3454mbaruquyoaokafkeyx3tpcj834uet5u2ykukuzwzrm0ib8zwcagtxl8emo3bj2jbxby2utn8ma952l47j5afdqa5yhtvp1inkbs53prv5bfi7ixf2wns/game_log.table.json","_latest_artifact_path":"wandb-client-artifact://5zzdbxpdubar7j2j41rdigzses48sqzstgm0v5osdot4ppq138nxh17hzai2pfp67v40hh5uobro772lyqbei4l73ptcpzd67q1wdb6qv0q8hinewgptcdd2j1e77e9j:latest/game_log.table.json"},"ppo/returns/mean":-0.4600856304168701,"ppo/policy/entropy":1.3134489059448242,"objective/kl":-1.3371381759643555,"ppo/loss/policy":0.01579863205552101,"reward_per_sample":1.9541015625,"gen_length_per_sample":233,"tokens/queries_len_mean":139.375,"avg_reward":-0.20074462890625,"time/ppo/calc_stats":0.03351116180419922,"ppo/loss/total":0.0911102443933487,"ppo/mean_non_score_reward":0.0014382025692611933,"time/ppo/total":15.550272464752197,"ppo/policy/advantages_mean":-0.009406065568327904,"ppo/policy/advantages":{"_type":"histogram","values":[4,0,0,0,0,4,12,20,44,32,100,100,128,280,368,660,964,8232,824,704,580,396,220,92,84,32,36,16,4,4,4,8],"bins":[-5.195329666137695,-4.903838634490967,-4.612347602844238,-4.32085657119751,-4.029365539550781,-3.7378742694854736,-3.446383237838745,-3.1548922061920166,-2.863401174545288,-2.5719101428985596,-2.280419111251831,-1.988927960395813,-1.6974369287490845,-1.405945897102356,-1.114454746246338,-0.8229637145996094,-0.5314726829528809,-0.23998162150382996,0.05150943994522095,0.34300050139427185,0.6344915628433228,0.9259825944900513,1.2174737453460693,1.5089647769927979,1.8004558086395264,2.091946840286255,2.3834378719329834,2.674928903579712,2.9664201736450195,3.257911205291748,3.5494022369384766,3.840893268585205,4.132384300231934]},"_step":303,"_timestamp":1.7407753867375414e+09,"ppo/loss/value":0.7531160116195679,"tokens/queries_len_std":86.97772979736328,"_runtime":5324.307380307,"avg_generation_length":185.5,"ppo/policy/approxkl":0.006977248005568981,"env/reward_dist":[2.880859375,-2.79296875,-5.30078125,0.7275390625,1.2568359375,0.37060546875,-0.7021484375,1.9541015625],"tokens/responses_dist":[138,138,138,138,233,233,233,233],"ppo/val/vpred":-0.5022581815719604,"time/ppo/optimize_step":12.542789936065674,"time/ppo/compute_rewards":0.0012619495391845703,"env/reward_mean":-0.20074462890625,"_wandb":{"runtime":5324},"ppo/learning_rate":1.4e-05,"tokens/queries_dist":[109,231,27,299,153,108,83,105],"tokens/responses_len_mean":185.5,"ppo/mean_scores":-0.20074462890625,"objective/kl_dist":[-1.9119648933410645,-1.5540995597839355,-4.279375076293945,-1.2594420909881592,-6.394231796264648,1.1946582794189453,1.8201978206634521,1.6871517896652222],"ppo/std_scores":2.6841797828674316,"ppo/val/error":1.5045435428619385,"objective/logprobs":{"_type":"histogram","values":[1,0,0,0,0,0,0,1,2,5,2,9,15,29,36,69,70,86,114,123,109,111,85,86,60,76,87,123,166,226,358,1439],"bins":[-27.31862449645996,-26.46491813659668,-25.611209869384766,-24.757503509521484,-23.903797149658203,-23.05008888244629,-22.196382522583008,-21.342676162719727,-20.488969802856445,-19.63526153564453,-18.78155517578125,-17.92784881591797,-17.074140548706055,-16.220434188842773,-15.366726875305176,-14.513020515441895,-13.659313201904297,-12.805606842041016,-11.951899528503418,-11.09819221496582,-10.244485855102539,-9.390778541564941,-8.537071228027344,-7.6833648681640625,-6.829657554626465,-5.975950717926025,-5.122243881225586,-4.2685370445251465,-3.414829969406128,-2.5611228942871094,-1.70741605758667,-0.8537091016769409,-2.145764938177308e-06]},"ppo/policy/clipfrac":0.039970725774765015,"ppo/val/mean":-0.5166193842887878,"tokens/responses_len_std":50.77963638305664,"objective/entropy":263.2983703613281,"objective/kl_coef":0.19952053722744273,"ppo/val/var_explained":-3.0722203254699707,"ppo/policy/policykl":-0.002480519702658057,"objective/ref_logprobs":{"_type":"histogram","values":[1,2,1,2,0,3,9,10,15,21,29,40,65,70,65,91,86,78,103,98,78,59,56,60,52,79,101,137,154,226,339,1358],"bins":[-22.638656616210938,-21.931198120117188,-21.22374153137207,-20.51628303527832,-19.80882453918457,-19.10136604309082,-18.393909454345703,-17.686450958251953,-16.978992462158203,-16.271535873413086,-15.564077377319336,-14.856618881225586,-14.149161338806152,-13.441702842712402,-12.734245300292969,-12.026786804199219,-11.319329261779785,-10.611871719360352,-9.904413223266602,-9.196955680847168,-8.489497184753418,-7.782039642333984,-7.074581623077393,-6.367123603820801,-5.659665584564209,-4.952207565307617,-4.244749546051025,-3.5372917652130127,-2.829833745956421,-2.122375965118408,-1.4149179458618164,-0.7074599862098694,-2.0265558760002023e-06]},"ppo/policy/ratio":{"_type":"histogram","values":[13844,62,16,7,3,5,4,1,2,1,0,2,1,0,0,0,0,0,0,0,0,1,1,0,0,0,0,0,0,0,1,1],"bins":[0.0005044835852459073,16.335668563842773,32.670833587646484,49.00599670410156,65.3411636352539,81.67633056640625,98.01148986816406,114.3466567993164,130.68182373046875,147.01698303222656,163.35214233398438,179.68731689453125,196.02247619628906,212.35765075683594,228.69281005859375,245.02796936035156,261.3631286621094,277.69830322265625,294.0334777832031,310.3686218261719,326.70379638671875,343.0389709472656,359.3741149902344,375.70928955078125,392.0444641113281,408.3796081542969,424.71478271484375,441.0499572753906,457.3851013183594,473.72027587890625,490.0554504394531,506.3905944824219,522.7257690429688]},"env/reward_std":2.6841797828674316,"time/ppo/compute_advantages":0.024964332580566406,"step":15,"time/ppo/forward_pass":2.947664260864258}