{"ppo/std_scores":1.9490900039672852,"objective/kl_coef":0.19952053722744273,"ppo/learning_rate":1.4e-05,"ppo/val/var":1.5867760181427002,"tokens/queries_dist":[109,231,27,299,153,108,83,105],"ppo/loss/policy":-0.002711782231926918,"ppo/val/mean":0.06404493749141693,"ppo/loss/total":0.09512351453304291,"time/ppo/total":14.914844274520874,"tokens/queries_len_std":86.97772979736328,"objective/ref_logprobs":{"_type":"histogram","values":[1,1,0,0,0,0,1,3,3,11,14,19,35,55,100,160,186,191,157,132,82,67,53,44,40,53,69,93,109,136,254,1139],"bins":[-27.08953285217285,-26.242984771728516,-25.39643669128418,-24.549888610839844,-23.703340530395508,-22.856794357299805,-22.01024627685547,-21.163698196411133,-20.317150115966797,-19.47060203552246,-18.624053955078125,-17.77750587463379,-16.930957794189453,-16.084409713745117,-15.237862586975098,-14.391314506530762,-13.544767379760742,-12.698219299316406,-11.85167121887207,-11.005123138427734,-10.158576011657715,-9.312027931213379,-8.465479850769043,-7.618931770324707,-6.772384166717529,-5.925836086273193,-5.079288482666016,-4.23274040222168,-3.386192560195923,-2.539644718170166,-1.6930968761444092,-0.8465490341186523,-1.1920922133867862e-06]},"tokens/queries_len_mean":139.375,"avg_reward":-0.468841552734375,"_runtime":919.709042402,"time/ppo/calc_stats":0.025679588317871094,"reward_per_sample":-1.81640625,"ppo/policy/policykl":-0.002177065471187234,"game_log":{"ncols":3,"nrows":8,"_type":"table-file","sha256":"19f730b0abd808daada4bed41d91e45c445ec74673fbe522ee5f58d633569238","size":8465,"artifact_path":"wandb-client-artifact://0c8w6svnkyk67090y8c97w5or99l8xy8oyhbu1xa5sg8txkhc0ukqdsgdjvdfex93av45tz477y91w4yo0q8dntlod7vf8mmujgaoa28xn2m4eqhi8c57jgpvuwy1sea/game_log.table.json","_latest_artifact_path":"wandb-client-artifact://a5s5aengscny0uj9z9qt9z0k64iujewnervaps7nky1khjs7q0fqs1874khesi8jnp26jtnvrk758vpwjbhgwyi4efl69y7rdu8ycedbq032wx87ufkagz1pzp9z67iv:latest/game_log.table.json","path":"media/table/game_log_303_19f730b0abd808daada4.table.json"},"ppo/policy/ratio":{"_type":"histogram","values":[12720,62,20,10,6,3,3,0,1,1,1,1,0,0,0,1,0,0,0,1,0,0,0,0,0,0,0,1,0,0,0,1],"bins":[8.254142449004576e-05,18.062604904174805,36.125125885009766,54.18764877319336,72.25016784667969,90.31269073486328,108.37521362304688,126.43773651123047,144.50025939941406,162.5627899169922,180.62530517578125,198.6878204345703,216.75035095214844,234.8128662109375,252.87539672851562,270.93792724609375,289.00042724609375,307.0629577636719,325.12548828125,343.1880187988281,361.2505187988281,379.31304931640625,397.3755798339844,415.4380798339844,433.5006103515625,451.5631408691406,469.62567138671875,487.68817138671875,505.7507019042969,523.813232421875,541.875732421875,559.9382934570312,578.0007934570312]},"tokens/responses_dist":[103,103,103,103,116,116,116,116],"ppo/val/error":1.9542020559310913,"ppo/policy/entropy":1.0519890785217285,"time/ppo/optimize_step":12.0536630153656,"gen_length_per_sample":116,"env/reward_mean":-0.468841552734375,"step":15,"tokens/responses_len_mean":109.5,"ppo/val/clipfrac":0.01529544685035944,"ppo/returns/var":0.38381093740463257,"ppo/returns/mean":0.05851775407791138,"ppo/policy/clipfrac":0.04879477620124817,"_timestamp":1.7410627363029237e+09,"ppo/val/var_explained":-4.091574668884277,"ppo/policy/advantages_mean":0.007502884604036808,"ppo/loss/value":0.9783529043197632,"time/ppo/compute_advantages":0.022745609283447266,"objective/entropy":150.38385009765625,"tokens/responses_len_std":6.948792457580566,"ppo/mean_non_score_reward":0.0038690899964421988,"time/ppo/compute_rewards":0.001239776611328125,"time/ppo/forward_pass":2.8114116191864014,"_wandb":{"runtime":919},"ppo/policy/advantages":{"bins":[-4.453537464141846,-4.214376449584961,-3.975215196609497,-3.7360541820526123,-3.4968929290771484,-3.2577319145202637,-3.018570899963379,-2.779409646987915,-2.5402486324310303,-2.3010873794555664,-2.0619263648986816,-1.8227652311325073,-1.583604097366333,-1.3444429636001587,-1.105281949043274,-0.8661208152770996,-0.6269596815109253,-0.38779857754707336,-0.14863745868206024,0.09052365273237228,0.3296847641468048,0.5688458681106567,0.808007001876831,1.0471681356430054,1.2863292694091797,1.5254902839660645,1.7646514177322388,2.003812551498413,2.242973566055298,2.4821348190307617,2.7212958335876465,2.9604570865631104,3.199618101119995],"_type":"histogram","values":[4,0,4,0,0,4,4,32,12,36,40,48,124,108,208,244,348,652,8848,664,452,216,252,184,140,84,44,44,16,12,0,8]},"objective/kl_dist":[-2.3503024578094482,-4.845395565032959,-3.0472164154052734,0.9153414368629456,-3.0331099033355713,-4.645224094390869,2.0962626934051514,-2.077693223953247],"ppo/policy/approxkl":0.009370091371238232,"avg_generation_length":109.5,"ppo/val/vpred":0.07135529816150665,"objective/kl":-2.1234171390533447,"_step":303,"env/reward_std":1.9490900039672852,"ppo/mean_scores":-0.468841552734375,"objective/logprobs":{"bins":[-28.040271759033203,-27.164012908935547,-26.28775405883789,-25.411497116088867,-24.53523826599121,-23.658979415893555,-22.7827205657959,-21.906461715698242,-21.03020477294922,-20.153945922851562,-19.277687072753906,-18.40142822265625,-17.525169372558594,-16.64891242980957,-15.772653579711914,-14.896394729614258,-14.020136833190918,-13.143877983093262,-12.267619132995605,-11.391361236572266,-10.51510238647461,-9.63884449005127,-8.762585639953613,-7.886327266693115,-7.010068893432617,-6.133810520172119,-5.257552146911621,-4.381293296813965,-3.505034923553467,-2.6287765502929688,-1.7525180578231812,-0.8762596249580383,-1.1920922133867862e-06],"_type":"histogram","values":[1,0,0,0,1,0,1,2,2,4,4,16,31,49,70,114,165,197,189,156,111,90,54,38,50,53,72,85,109,132,255,1157]},"env/reward_dist":[-1.93359375,2.15625,0.7265625,1.603515625,0.472900390625,-1.7587890625,-3.201171875,-1.81640625]}