{"tokens/responses_dist":[231,231,231,231,244,244,244,244],"ppo/val/error":1.539718747138977,"ppo/mean_scores":0.5811767578125,"objective/ref_logprobs":{"_type":"histogram","values":[1,1,0,1,3,2,1,8,6,6,18,33,30,50,80,96,151,154,152,134,127,80,67,62,63,80,125,158,191,233,387,1732],"bins":[-26.31336784362793,-25.49107551574707,-24.66878318786621,-23.84648895263672,-23.02419662475586,-22.201904296875,-21.37961196899414,-20.55731773376465,-19.73502540588379,-18.91273307800293,-18.09044075012207,-17.26814842224121,-16.44585418701172,-15.62356185913086,-14.80126953125,-13.978976249694824,-13.156683921813965,-12.334391593933105,-11.51209831237793,-10.68980598449707,-9.867512702941895,-9.045220375061035,-8.22292709350586,-7.400634765625,-6.578341960906982,-5.756049156188965,-4.933756351470947,-4.11146354675293,-3.289170980453491,-2.4668781757354736,-1.6445854902267456,-0.8222927451133728,0]},"objective/kl_dist":[11.328794479370117,3.1816773414611816,3.7843079566955566,-0.974808931350708,4.5356855392456055,3.781339645385742,4.049220085144043,0.9396542310714722],"time/ppo/total":16.131081104278564,"env/reward_mean":0.5811767578125,"tokens/queries_len_std":86.97772979736328,"objective/logprobs":{"_type":"histogram","values":[1,1,3,4,4,4,1,5,14,19,23,31,47,58,77,129,125,144,177,131,97,70,59,53,68,93,118,161,182,234,374,1725],"bins":[-24.95805549621582,-24.178115844726562,-23.398176193237305,-22.61823844909668,-21.838298797607422,-21.058359146118164,-20.278419494628906,-19.49848175048828,-18.718542098999023,-17.938602447509766,-17.158662796020508,-16.37872314453125,-15.598784446716309,-14.818845748901367,-14.03890609741211,-13.258967399597168,-12.47902774810791,-11.699088096618652,-10.919149398803711,-10.139209747314453,-9.359271049499512,-8.579331398010254,-7.799392223358154,-7.019453048706055,-6.239513874053955,-5.4595746994018555,-4.679635524749756,-3.899696111679077,-3.1197569370269775,-2.339817762374878,-1.5598784685134888,-0.7799392342567444,0]},"ppo/val/var":1.4915440082550049,"_timestamp":1.7407658918474433e+09,"ppo/loss/value":0.7710140943527222,"_wandb":{"runtime":1601},"ppo/policy/entropy":1.0709930658340454,"env/reward_dist":[-0.458984375,-0.259521484375,-1.5927734375,-0.172119140625,3.447265625,2.201171875,0.875,0.609375],"ppo/policy/policykl":0.0026314575225114822,"time/ppo/compute_advantages":0.031193256378173828,"tokens/queries_len_mean":139.375,"ppo/returns/var":0.23603913187980652,"tokens/queries_dist":[109,231,27,299,153,108,83,105],"ppo/policy/approxkl":0.008974337950348854,"time/ppo/forward_pass":2.947176694869995,"ppo/learning_rate":1.4e-05,"ppo/policy/clipfrac":0.047683361917734146,"ppo/loss/total":0.08300559222698212,"tokens/responses_len_mean":237.5,"reward_per_sample":0.609375,"_runtime":1601.560228015,"ppo/val/clipfrac":0.013118967413902283,"step":15,"game_log":{"artifact_path":"wandb-client-artifact://howuw9mb92hehnderm6qmcjvlmngf0ltgfyscd3gag016nfngtzt1vrjs9zovp646cfv2hmffu7ry2s7yfhx2f61bqwwrs3pomqkm1jr748zj3q90y3myhv6nv0l14u2/game_log.table.json","_latest_artifact_path":"wandb-client-artifact://a3g6vuewo47vwkjqg1x2j8dwuba71uwt88ea33dz29j5oi5vb38yp5k85h1rniiuzig3csojgwe45i75q1ypeegp0s8sk126ejbz8sm27bw5x05hpn3cjucg5455wncx:latest/game_log.table.json","path":"media/table/game_log_303_70b008bcd418de3cd06c.table.json","ncols":3,"nrows":8,"_type":"table-file","sha256":"70b008bcd418de3cd06c2028825979b50c5bd23669759aca52ac908f8ecd86ee","size":12542},"ppo/val/mean":-0.20992785692214966,"env/reward_std":1.6039326190948486,"avg_reward":0.5811767578125,"_step":303,"objective/entropy":310.7412109375,"gen_length_per_sample":244,"ppo/mean_non_score_reward":-0.0032160477712750435,"ppo/loss/policy":0.005904187448322773,"ppo/std_scores":1.6039326190948486,"objective/kl_coef":0.19952053722744273,"time/ppo/calc_stats":0.03838086128234863,"ppo/val/var_explained":-5.523150444030762,"time/ppo/compute_rewards":0.0012316703796386719,"ppo/val/vpred":-0.2115394026041031,"ppo/returns/mean":-0.19831600785255432,"tokens/responses_len_std":6.948792457580566,"ppo/policy/advantages_mean":-0.0024758311919867992,"objective/kl":3.8282337188720703,"ppo/policy/advantages":{"values":[4,0,12,20,20,28,64,104,92,160,224,312,400,592,600,832,9184,1036,764,648,476,464,304,240,128,84,72,16,20,16,8,4],"bins":[-3.766101837158203,-3.5429675579071045,-3.319833517074585,-3.0966992378234863,-2.8735649585723877,-2.650430917739868,-2.4272966384887695,-2.204162359237671,-1.9810283184051514,-1.7578940391540527,-1.5347598791122437,-1.3116257190704346,-1.088491439819336,-0.8653572797775269,-0.642223060131073,-0.41908887028694153,-0.19595468044281006,0.027179516851902008,0.2503136992454529,0.47344791889190674,0.6965820789337158,0.9197162985801697,1.1428505182266235,1.3659846782684326,1.5891189575195312,1.8122531175613403,2.0353872776031494,2.258521556854248,2.4816555976867676,2.704789876937866,2.927924156188965,3.1510581970214844,3.374192476272583],"_type":"histogram"},"ppo/policy/ratio":{"values":[16895,15,7,5,1,2,1,0,1,0,0,0,0,0,0,0,0,0,0,0,0,0,0,0,0,0,0,0,0,0,0,1],"bins":[0.0009150512050837278,58.98257827758789,117.96424102783203,176.94590759277344,235.9275665283203,294.90924072265625,353.8908996582031,412.87255859375,471.8542175292969,530.8358764648438,589.8175659179688,648.7992553710938,707.7808837890625,766.7625732421875,825.7442016601562,884.7258911132812,943.70751953125,1002.689208984375,1061.6708984375,1120.652587890625,1179.6341552734375,1238.6158447265625,1297.5975341796875,1356.5792236328125,1415.5609130859375,1474.54248046875,1533.524169921875,1592.505859375,1651.487548828125,1710.46923828125,1769.4508056640625,1828.4324951171875,1887.4141845703125],"_type":"histogram"},"avg_generation_length":237.5,"time/ppo/optimize_step":13.113011837005615}