{"_timestamp":1.74104665033037e+09,"tokens/responses_dist":[103,103,103,103,116,116,116,116],"objective/kl":-2.396326780319214,"_runtime":917.528890566,"tokens/responses_len_mean":109.5,"reward_per_sample":-0.322265625,"step":15,"time/ppo/optimize_step":11.945717334747314,"ppo/loss/total":0.09200237691402435,"objective/kl_dist":[-4.668832778930664,-0.7247293591499329,-2.0297350883483887,0.17436450719833374,-7.834951400756836,-5.962465286254883,0.4653833508491516,1.4103517532348633],"ppo/policy/policykl":-0.00322158494964242,"time/ppo/total":14.835468053817749,"ppo/val/var":1.0560493469238281,"ppo/val/var_explained":-1.767500877380371,"tokens/queries_len_std":86.97772979736328,"avg_reward":-0.23248291015625,"_wandb":{"runtime":917},"ppo/policy/advantages_mean":0.0020030178129673004,"ppo/std_scores":2.228598117828369,"ppo/val/vpred":-0.14405697584152222,"ppo/policy/entropy":1.5831323862075806,"ppo/policy/ratio":{"values":[12812,8,5,2,0,1,1,0,0,0,0,0,1,0,1,0,0,0,0,0,0,0,0,0,0,0,0,0,0,0,0,1],"bins":[0.0003476582351140678,313.663330078125,627.3262939453125,940.9893188476562,1254.6522216796875,1568.3153076171875,1881.978271484375,2195.64111328125,2509.30419921875,2822.96728515625,3136.630126953125,3450.293212890625,3763.9560546875,4077.619140625,4391.2822265625,4704.9453125,5018.60791015625,5332.27099609375,5645.93408203125,5959.59716796875,6273.26025390625,6586.9228515625,6900.5859375,7214.2490234375,7527.912109375,7841.57470703125,8155.23779296875,8468.9013671875,8782.5634765625,9096.2265625,9409.8896484375,9723.552734375,10037.2158203125],"_type":"histogram"},"objective/logprobs":{"values":[1,0,0,1,0,0,2,4,1,5,3,10,20,25,26,51,93,158,165,164,165,140,114,77,80,60,76,101,127,177,329,1033],"bins":[-31.048635482788086,-30.078365325927734,-29.108095169067383,-28.137826919555664,-27.167556762695312,-26.19728660583496,-25.22701644897461,-24.256746292114258,-23.286476135253906,-22.316207885742188,-21.345937728881836,-20.375667572021484,-19.405397415161133,-18.43512725830078,-17.464859008789062,-16.49458885192871,-15.52431869506836,-14.554048538208008,-13.583779335021973,-12.613509178161621,-11.64323902130127,-10.672969818115234,-9.702699661254883,-8.732430458068848,-7.762160301208496,-6.791890621185303,-5.821620464324951,-4.851350784301758,-3.8810811042785645,-2.910811185836792,-1.940541386604309,-0.9702715873718262,-1.7881377516459906e-06],"_type":"histogram"},"avg_generation_length":109.5,"gen_length_per_sample":116,"game_log":{"sha256":"c44eeb608212ac92fcd768a4118aa26ead148ff7f62ad7fad44aa641a058afe4","size":9321,"artifact_path":"wandb-client-artifact://46gz466z3siaeqnqkok7wi88jjwnrzkk1j0if8u6nbw9b5s8i2yln0azf77ronuzx1qdb66l742him5ltcoc46ks5d05zlrxffciju81frzv8q04orqf850mws1269hn/game_log.table.json","_latest_artifact_path":"wandb-client-artifact://btc8q7jsl676rosfprp7b6mvc0qm3thqs40ep54qyqlygjqaxm4puxobgtfljajahdjkj8iwlpyqommtf6y3pr1ea8vb2pinnvp1wczxvbff3ob543pfinktnz3tdbyi:latest/game_log.table.json","path":"media/table/game_log_303_c44eeb608212ac92fcd7.table.json","ncols":3,"nrows":8,"_type":"table-file"},"ppo/policy/clipfrac":0.05663605034351349,"ppo/mean_non_score_reward":0.004366360139101744,"ppo/returns/var":0.6392035484313965,"tokens/queries_dist":[109,231,27,299,153,108,83,105],"time/ppo/calc_stats":0.026048660278320312,"ppo/loss/value":0.8855384588241577,"ppo/mean_scores":-0.23248291015625,"ppo/policy/advantages":{"bins":[-3.2187211513519287,-3.0212156772613525,-2.8237102031707764,-2.6262047290802,-2.428699016571045,-2.2311935424804688,-2.0336880683898926,-1.8361825942993164,-1.6386771202087402,-1.4411715269088745,-1.2436660528182983,-1.0461605787277222,-0.8486549854278564,-0.6511495113372803,-0.4536439776420593,-0.25613847374916077,-0.05863296985626221,0.13887253403663635,0.3363780379295349,0.5338835716247559,0.731389045715332,0.928894579410553,1.126400113105774,1.32390558719635,1.5214111804962158,1.718916654586792,1.9164221286773682,2.1139276027679443,2.3114330768585205,2.508938789367676,2.706444263458252,2.903949737548828,3.1014552116394043],"_type":"histogram","values":[4,16,24,16,12,32,36,72,88,68,148,180,208,276,456,1120,8144,448,308,312,264,168,144,112,60,40,20,28,12,0,8,8]},"time/ppo/compute_rewards":0.0012383460998535156,"ppo/val/mean":-0.1553160548210144,"objective/ref_logprobs":{"bins":[-27.423030853271484,-26.56606101989746,-25.709091186523438,-24.852121353149414,-23.99515151977539,-23.138181686401367,-22.281211853027344,-21.424243927001953,-20.56727409362793,-19.710304260253906,-18.853334426879883,-17.99636459350586,-17.139394760131836,-16.282424926757812,-15.425455093383789,-14.568485260009766,-13.711515426635742,-12.854546546936035,-11.997576713562012,-11.140606880187988,-10.283637046813965,-9.426667213439941,-8.569697380065918,-7.712728023529053,-6.855758190155029,-5.998788833618164,-5.141819000244141,-4.284849166870117,-3.427879571914673,-2.5709099769592285,-1.7139402627944946,-0.8569705486297607,-8.344646857949556e-07],"_type":"histogram","values":[1,1,0,0,2,2,4,4,5,9,15,16,32,55,84,122,139,174,152,142,119,85,70,70,50,58,76,102,139,178,312,990]},"ppo/learning_rate":1.4e-05,"objective/kl_coef":0.19952053722744273,"env/reward_mean":-0.23248291015625,"tokens/queries_len_mean":139.375,"ppo/loss/policy":0.0034485459327697754,"ppo/val/clipfrac":0.015159441158175468,"env/reward_dist":[-0.52294921875,-1.81640625,1.2490234375,2.26171875,2.85546875,-2.00390625,-3.560546875,-0.322265625],"env/reward_std":2.228598117828369,"ppo/returns/mean":-0.09312976896762848,"time/ppo/compute_advantages":0.023754119873046875,"time/ppo/forward_pass":2.8386001586914062,"ppo/val/error":1.7689963579177856,"ppo/policy/approxkl":0.011873742565512657,"objective/entropy":202.6901397705078,"_step":303,"tokens/responses_len_std":6.948792457580566}