{"game_log":{"ncols":3,"nrows":8,"_type":"table-file","sha256":"64f1560aa063f0e9a32a1fab6460451e1ae8bd327bc4511a18fa93cf9b6490d1","size":14834,"artifact_path":"wandb-client-artifact://9zzm2zutldp2tcdfnlmdzftihl2rzww5vk9a5vlegvhkjjpear11qlvbnqxsktrx6n2g43tw5onyr738fx4z644qsgqkx7x5022qace4w32ruwwlopkp53q4qpm5xe5e/game_log.table.json","_latest_artifact_path":"wandb-client-artifact://fy8a1e0stju55mgxqgz1ef7k79ttw1h5m44qiamlzbuzp1ucfyralxromd69tc7wa2kc4mme3fn0misgashl5f0bnch34rbaeytt6c1ac148g0i7u5zan340zpnz7x7e:latest/game_log.table.json","path":"media/table/game_log_1367_64f1560aa063f0e9a32a.table.json"},"_runtime":25171.560157718,"env/reward_std":0.9068620800971985,"ppo/policy/approxkl":0.011048821732401848,"tokens/queries_len_mean":136.75,"_timestamp":1.7410383458334246e+09,"time/ppo/forward_pass":3.009373426437378,"tokens/responses_dist":[359,359,359,359,128,128,128,128],"objective/kl_dist":[-27.865375518798828,-5.430452823638916,-4.8738884925842285,0.7479375004768372,-9.956064224243164,3.1962616443634033,-3.7239603996276855,-3.5755796432495117],"time/ppo/calc_stats":0.03648686408996582,"ppo/val/error":0.9624353051185608,"ppo/learning_rate":1.4e-05,"ppo/val/mean":0.5597491264343262,"env/reward_mean":-0.8637542724609375,"gen_length_per_sample":128,"ppo/policy/entropy":1.1571764945983887,"env/reward_dist":[0.494384765625,-0.032470703125,-1.9345703125,-1.3916015625,-1.53515625,-0.2322998046875,-0.5087890625,-1.76953125],"ppo/val/var":0.7278966903686523,"reward_per_sample":-1.76953125,"time/ppo/compute_advantages":0.035303592681884766,"ppo/policy/clipfrac":0.048640426248311996,"_wandb":{"runtime":25208},"ppo/policy/advantages_mean":-0.07769523561000824,"ppo/returns/mean":0.45526301860809326,"ppo/std_scores":0.9068620800971985,"tokens/queries_dist":[163,73,84,234,142,118,172,108],"ppo/mean_scores":-0.8637542724609375,"ppo/loss/value":0.48199325799942017,"ppo/loss/policy":0.08601069450378418,"_step":1367,"tokens/responses_len_mean":243.5,"ppo/policy/ratio":{"_type":"histogram","values":[18883,34,7,4,3,3,3,2,1,0,0,1,0,0,0,0,1,0,0,0,1,0,0,0,0,0,0,0,0,0,0,1],"bins":[4.211959549138555e-06,34.91875076293945,69.8375015258789,104.7562484741211,139.67498779296875,174.59373474121094,209.51248168945312,244.4312286376953,279.3499755859375,314.26873779296875,349.1874694824219,384.1062316894531,419.02496337890625,453.9437255859375,488.8624572753906,523.7811889648438,558.699951171875,593.6187133789062,628.5374755859375,663.4561767578125,698.3749389648438,733.293701171875,768.2124633789062,803.1311645507812,838.0499267578125,872.9686889648438,907.887451171875,942.80615234375,977.7249145507812,1012.6436767578125,1047.5623779296875,1082.481201171875,1117.39990234375]},"time/ppo/total":16.555964946746826,"ppo/val/var_explained":-2.1404378414154053,"avg_reward":-0.8637542724609375,"ppo/loss/total":0.1342100203037262,"objective/entropy":316.75628662109375,"time/ppo/compute_rewards":0.0012907981872558594,"ppo/policy/policykl":-0.0006305987481027842,"objective/ref_logprobs":{"_type":"histogram","values":[1,0,0,0,0,1,2,1,3,12,17,25,62,107,171,207,228,215,183,167,134,127,85,77,76,99,118,134,167,251,369,1697],"bins":[-27.730947494506836,-26.864355087280273,-25.99776268005371,-25.13117027282715,-24.26457977294922,-23.397987365722656,-22.531394958496094,-21.66480255126953,-20.79821014404297,-19.931617736816406,-19.065027236938477,-18.198434829711914,-17.33184242248535,-16.46525001525879,-15.598657608032227,-14.73206615447998,-13.865473747253418,-12.998881340026855,-12.13228988647461,-11.265697479248047,-10.399105072021484,-9.532513618469238,-8.665921211242676,-7.799328804016113,-6.932736873626709,-6.066144943237305,-5.199552536010742,-4.332960605621338,-3.4663684368133545,-2.599776268005371,-1.7331842184066772,-0.8665921092033386,0]},"ppo/policy/advantages":{"values":[4,0,0,8,0,0,16,4,16,20,60,76,152,240,356,472,636,784,1268,11340,1292,792,568,328,228,128,68,36,20,24,4,4],"bins":[-5.5832319259643555,-5.28776741027832,-4.992302894592285,-4.69683837890625,-4.401373863220215,-4.10590934753418,-3.8104450702667236,-3.5149805545806885,-3.2195162773132324,-2.9240517616271973,-2.628587245941162,-2.333122730255127,-2.037658214569092,-1.7421938180923462,-1.446729302406311,-1.1512649059295654,-0.8558003902435303,-0.5603359341621399,-0.2648714482784271,0.03059302270412445,0.326057493686676,0.6215219497680664,0.9169864654541016,1.2124508619308472,1.5079153776168823,1.8033798933029175,2.098844289779663,2.3943088054656982,2.6897733211517334,2.9852378368377686,3.2807021141052246,3.5761666297912598,3.871631145477295],"_type":"histogram"},"time/ppo/optimize_step":13.473424911499023,"step":71,"objective/logprobs":{"values":[1,0,1,0,1,2,1,1,4,12,19,34,59,122,197,222,246,194,176,150,128,112,73,77,80,108,122,132,160,261,367,1674],"bins":[-27.19375991821289,-26.34395408630371,-25.494150161743164,-24.644344329833984,-23.794540405273438,-22.944734573364258,-22.09493064880371,-21.24512481689453,-20.395320892333984,-19.545515060424805,-18.695709228515625,-17.845905303955078,-16.9960994720459,-16.14629554748535,-15.296489715576172,-14.446684837341309,-13.596879959106445,-12.747075080871582,-11.897270202636719,-11.047465324401855,-10.197660446166992,-9.347854614257812,-8.49804973602295,-7.648244857788086,-6.798439979553223,-5.948635101318359,-5.098830223083496,-4.249024868011475,-3.3992199897766113,-2.549415111541748,-1.6996099948883057,-0.8498049974441528,0],"_type":"histogram"},"objective/kl":-6.435140609741211,"tokens/queries_len_std":52.70063781738281,"ppo/val/clipfrac":0.009689458645880222,"tokens/responses_len_std":123.47469329833984,"objective/kl_coef":0.19774067650570487,"avg_generation_length":243.5,"ppo/mean_non_score_reward":0.00522582745179534,"ppo/returns/var":0.3064653277397156,"ppo/val/vpred":0.5656683444976807}