{"ppo/val/var_explained":-3.721383571624756,"avg_reward":-0.685546875,"_timestamp":1.740768813165003e+09,"ppo/loss/policy":0.007695819716900587,"ppo/val/error":1.260326623916626,"tokens/queries_dist":[109,231,27,299,153,108,83,105],"objective/logprobs":{"_type":"histogram","values":[1,0,0,2,3,2,2,6,11,11,22,33,52,81,108,109,144,169,157,139,117,80,64,80,74,98,144,154,220,320,509,3368],"bins":[-24.146554946899414,-23.39197540283203,-22.63739585876465,-21.882816314697266,-21.12823486328125,-20.373655319213867,-19.619075775146484,-18.8644962310791,-18.10991668701172,-17.355337142944336,-16.60075569152832,-15.846177101135254,-15.091596603393555,-14.337017059326172,-13.582437515258789,-12.82785701751709,-12.073277473449707,-11.318697929382324,-10.564117431640625,-9.809537887573242,-9.05495834350586,-8.30037784576416,-7.545798301696777,-6.7912187576293945,-6.0366387367248535,-5.2820587158203125,-4.52747917175293,-3.7728991508483887,-3.0183193683624268,-2.263739585876465,-1.5091596841812134,-0.7545798420906067,0]},"time/ppo/compute_rewards":0.0012159347534179688,"_step":303,"ppo/val/vpred":-0.15212804079055786,"ppo/returns/mean":-0.18079552054405212,"ppo/std_scores":1.9929075241088867,"ppo/policy/policykl":0.002162110060453415,"ppo/policy/advantages_mean":9.792821947485209e-05,"env/reward_dist":[1.5673828125,-1.3330078125,1.2255859375,-3.263671875,-0.2529296875,1.2333984375,-3.498046875,-1.1630859375],"ppo/policy/ratio":{"_type":"histogram","values":[25110,6,2,0,0,0,1,0,0,0,0,0,0,0,0,0,0,0,0,0,0,0,0,0,0,0,0,0,0,0,0,1],"bins":[0.0008709856192581356,120.85331726074219,241.7057647705078,362.5581970214844,483.41064453125,604.2630615234375,725.1155395507812,845.9679565429688,966.8204345703125,1087.6728515625,1208.5252685546875,1329.377685546875,1450.230224609375,1571.0826416015625,1691.93505859375,1812.7874755859375,1933.6400146484375,2054.492431640625,2175.3447265625,2296.197265625,2417.0498046875,2537.902099609375,2658.754638671875,2779.607177734375,2900.45947265625,3021.31201171875,3142.164306640625,3263.016845703125,3383.869384765625,3504.7216796875,3625.57421875,3746.426513671875,3867.279052734375]},"time/ppo/compute_advantages":0.04510307312011719,"ppo/mean_non_score_reward":2.2344200260704383e-05,"objective/ref_logprobs":{"_type":"histogram","values":[2,1,1,0,2,3,6,17,17,22,49,67,76,121,134,138,140,143,129,105,65,81,64,60,81,109,122,172,221,324,512,3296],"bins":[-22.15749740600586,-21.465076446533203,-20.772653579711914,-20.080232620239258,-19.38780975341797,-18.695388793945312,-18.002965927124023,-17.310544967651367,-16.618122100830078,-15.925701141357422,-15.23327922821045,-14.540857315063477,-13.84843635559082,-13.156014442443848,-12.463592529296875,-11.771170616149902,-11.07874870300293,-10.386326789855957,-9.693904876708984,-9.001482963562012,-8.309061050415039,-7.616639614105225,-6.92421817779541,-6.2317962646484375,-5.539374351501465,-4.846952438354492,-4.1545305252075195,-3.462109088897705,-2.7696871757507324,-2.0772652626037598,-1.3848435878753662,-0.6924217939376831,0]},"reward_per_sample":-1.1630859375,"avg_generation_length":493.5,"gen_length_per_sample":500,"objective/kl_coef":0.19952053722744273,"time/ppo/total":18.58665108680725,"ppo/returns/var":0.2669401168823242,"ppo/loss/total":0.07085001468658447,"objective/kl":-0.055266737937927246,"time/ppo/calc_stats":0.05103921890258789,"ppo/policy/entropy":0.7925071120262146,"env/reward_std":1.9929075241088867,"ppo/learning_rate":1.4e-05,"ppo/policy/approxkl":0.006760586053133011,"objective/entropy":459.455322265625,"ppo/val/var":1.3115496635437012,"ppo/val/mean":-0.1687462031841278,"ppo/val/clipfrac":0.014276823028922081,"time/ppo/forward_pass":3.063758134841919,"tokens/queries_len_std":86.97772979736328,"time/ppo/optimize_step":15.42543888092041,"tokens/queries_len_mean":139.375,"_runtime":2831.842326971,"game_log":{"_latest_artifact_path":"wandb-client-artifact://enssfexkovjq7rabt0nvu4bwivf2ksfq8opuwjwoen78yni2ycb71tg1q9t7y3k9wvwl4kp2ph2b1pzamlted1tves7opuopgplvkuros3jiznw3pg45fdfh0ej4c4tc:latest/game_log.table.json","path":"media/table/game_log_303_4ae0a7bb19fc1377635e.table.json","ncols":3,"nrows":8,"_type":"table-file","sha256":"4ae0a7bb19fc1377635e2113746c62a1256a49e8805b14e282b3e697144c260d","size":22171,"artifact_path":"wandb-client-artifact://o6riaos7yqd60aiieshdqbxriuyedcxuxkt47xv4m3a8as596q9z1f7c4uljwvyn8u2xmk1hzt3gprgrukwr5n2bf92ojvnkmef7dfmepsisesh62m6rvdk6dya2p4lo/game_log.table.json"},"step":15,"tokens/responses_dist":[487,487,487,487,500,500,500,500],"ppo/mean_scores":-0.685546875,"tokens/responses_len_std":6.948792457580566,"_wandb":{"runtime":2831},"ppo/policy/advantages":{"values":[4,0,8,12,12,12,52,48,96,112,200,248,340,472,676,888,1020,1368,1840,10296,1792,1396,1084,1000,700,496,340,292,164,88,44,20],"bins":[-4.511676788330078,-4.279697895050049,-4.0477190017700195,-3.8157401084899902,-3.583761215209961,-3.3517820835113525,-3.1198031902313232,-2.887824296951294,-2.6558454036712646,-2.4238665103912354,-2.191887617111206,-1.9599086046218872,-1.727929711341858,-1.4959508180618286,-1.2639718055725098,-1.0319929122924805,-0.8000140190124512,-0.5680351257324219,-0.3360561728477478,-0.10407724976539612,0.12790167331695557,0.35988059639930725,0.5918595194816589,0.823838472366333,1.0558173656463623,1.2877962589263916,1.519775152206421,1.7517541646957397,1.983733057975769,2.215712070465088,2.447690963745117,2.6796698570251465,2.911648750305176],"_type":"histogram"},"ppo/loss/value":0.6315419673919678,"ppo/policy/clipfrac":0.028586242347955704,"env/reward_mean":-0.685546875,"objective/kl_dist":[5.242799282073975,4.863918781280518,-0.4708685874938965,-0.8277826905250549,-0.8399683237075806,2.8303332328796387,-2.265341281890869,-8.975224494934082],"tokens/responses_len_mean":493.5}